Godot Engine v4.7.2.stable.official.ed1daf0bf - https://godotengine.org

# game-modes audits ported from scripts/{drill,career,tournament,outfit-challenges}-audit.mjs — reference commit 2979588
# audit tournament (res://tests/modes/tournament_audit.gd)
ok tournament/three_rounds_in_distinct_courts
ok tournament/round_2_at_least_as_prestigious
ok tournament/round_3_at_least_as_prestigious
ok tournament/final_in_the_most_prestigious_court
ok tournament/1_arenas/round_1_has_a_court
ok tournament/1_arenas/round_1_court_is_available
ok tournament/1_arenas/round_2_has_a_court
ok tournament/1_arenas/round_2_court_is_available
ok tournament/1_arenas/round_3_has_a_court
ok tournament/1_arenas/round_3_court_is_available
ok tournament/1_arenas/uses_1_distinct_courts
ok tournament/2_arenas/round_1_has_a_court
ok tournament/2_arenas/round_1_court_is_available
ok tournament/2_arenas/round_2_has_a_court
ok tournament/2_arenas/round_2_court_is_available
ok tournament/2_arenas/round_3_has_a_court
ok tournament/2_arenas/round_3_court_is_available
ok tournament/2_arenas/uses_2_distinct_courts
ok tournament/3_arenas/round_1_has_a_court
ok tournament/3_arenas/round_1_court_is_available
ok tournament/3_arenas/round_2_has_a_court
ok tournament/3_arenas/round_2_court_is_available
ok tournament/3_arenas/round_3_has_a_court
ok tournament/3_arenas/round_3_court_is_available
ok tournament/3_arenas/uses_3_distinct_courts
ok tournament/empty_pool_falls_back_to_all_arenas
ok tournament/round_3_out_of_range_resolves
ok tournament/round_4_out_of_range_resolves
ok tournament/round_10_out_of_range_resolves
ok tournament/at_least_three_ai_tiers
ok tournament/round_2_harder_than_round_1
ok tournament/ai_for_round_2_rises
ok tournament/round_3_harder_than_round_2
ok tournament/ai_for_round_3_rises
ok tournament/round_1_uses_the_first_tier
ok tournament/ai_for_round_clamps_past_the_last_tier
ok tournament/won_round_1_advances
ok tournament/won_round_1_keeps_the_result_screen
ok tournament/won_round_2_advances
ok tournament/won_final_resets_the_board
ok tournament/reset_flag_on_final_win
ok tournament/lost_round_resets_the_board
ok tournament/final_won_is_the_trophy
ok tournament/final_lost_is_not_the_trophy
ok tournament/semi_final_won_is_not_the_trophy
ok tournament/match_config_has_a_court
ok tournament/match_config_ai_is_the_round_tier
ok tournament/match_config_carries_the_round
# report rounds=["officina","abissale","orrery"]
# report finale=orrery arene=9
ok tournament (48 checks, 1 ms)
# audit outfit_challenges (res://tests/modes/outfit_challenges_audit.gd)
ok outfit_challenges/at_least_twenty_outfits_carry_a_challenge
ok outfit_challenges/no_outfit_behind_stars_or_trophies
ok outfit_challenges/unlock_keys_are_unique
ok outfit_challenges/maestro:circuit/winners/at_least_4_is_reachable
ok outfit_challenges/maestro:legend/errors/at_most_4_is_fallible
ok outfit_challenges/maestro:signature/doubleFaults/at_most_0_is_fallible
ok outfit_challenges/maestro:signature/winners/at_least_6_is_reachable
ok outfit_challenges/maestro:mythic/errors/at_most_2_is_fallible
ok outfit_challenges/maestro:mythic/winners/at_least_6_is_reachable
ok outfit_challenges/pantera:mythic/errors/at_most_3_is_fallible
ok outfit_challenges/steamer:circuit/smashWinners/at_least_2_is_reachable
ok outfit_challenges/steamer:legend/winners/at_least_6_is_reachable
ok outfit_challenges/steamer:signature/smashWinners/at_least_5_is_reachable
ok outfit_challenges/steamer:mythic/smashWinners/at_least_6_is_reachable
ok outfit_challenges/fiamma:signature/errors/at_most_3_is_fallible
ok outfit_challenges/oracolo:signature/errors/at_most_3_is_fallible
ok outfit_challenges/oracolo:mythic/errors/at_most_4_is_fallible
ok outfit_challenges/colosso:signature/winners/at_least_9_is_reachable
ok outfit_challenges/colosso:mythic/smashWinners/at_least_5_is_reachable
ok outfit_challenges/no_two_outfits_share_a_challenge
ok outfit_challenges/maestro/asks_for_at_least_two_metrics
ok outfit_challenges/pantera/asks_for_at_least_two_metrics
ok outfit_challenges/steamer/asks_for_at_least_two_metrics
ok outfit_challenges/fiamma/asks_for_at_least_two_metrics
ok outfit_challenges/maestro/legend_is_harder_than_circuit
ok outfit_challenges/maestro/signature_is_harder_than_legend
ok outfit_challenges/maestro/mythic_is_harder_than_signature
ok outfit_challenges/pantera/legend_is_harder_than_circuit
ok outfit_challenges/pantera/signature_is_harder_than_legend
ok outfit_challenges/pantera/mythic_is_harder_than_signature
ok outfit_challenges/steamer/legend_is_harder_than_circuit
ok outfit_challenges/steamer/signature_is_harder_than_legend
ok outfit_challenges/steamer/mythic_is_harder_than_signature
ok outfit_challenges/fiamma/legend_is_harder_than_circuit
ok outfit_challenges/fiamma/signature_is_harder_than_legend
ok outfit_challenges/fiamma/mythic_is_harder_than_signature
ok outfit_challenges/oracolo/mythic_is_harder_than_signature
ok outfit_challenges/colosso/mythic_is_harder_than_signature
ok outfit_challenges/maestro/first_rung_needs_no_win
ok outfit_challenges/maestro/first_rung_needs_no_difficulty
ok outfit_challenges/pantera/first_rung_needs_no_win
ok outfit_challenges/pantera/first_rung_needs_no_difficulty
ok outfit_challenges/steamer/first_rung_needs_no_win
ok outfit_challenges/steamer/first_rung_needs_no_difficulty
ok outfit_challenges/fiamma/first_rung_needs_no_win
ok outfit_challenges/fiamma/first_rung_needs_no_difficulty
ok outfit_challenges/maestro:circuit/perfect_match_wins_it
ok outfit_challenges/maestro:circuit/empty_lost_match_does_not
ok outfit_challenges/maestro:legend/perfect_match_wins_it
ok outfit_challenges/maestro:legend/empty_lost_match_does_not
ok outfit_challenges/maestro:signature/perfect_match_wins_it
ok outfit_challenges/maestro:signature/empty_lost_match_does_not
ok outfit_challenges/maestro:mythic/perfect_match_wins_it
ok outfit_challenges/maestro:mythic/empty_lost_match_does_not
ok outfit_challenges/pantera:circuit/perfect_match_wins_it
ok outfit_challenges/pantera:circuit/empty_lost_match_does_not
ok outfit_challenges/pantera:legend/perfect_match_wins_it
ok outfit_challenges/pantera:legend/empty_lost_match_does_not
ok outfit_challenges/pantera:signature/perfect_match_wins_it
ok outfit_challenges/pantera:signature/empty_lost_match_does_not
ok outfit_challenges/pantera:mythic/perfect_match_wins_it
ok outfit_challenges/pantera:mythic/empty_lost_match_does_not
ok outfit_challenges/steamer:circuit/perfect_match_wins_it
ok outfit_challenges/steamer:circuit/empty_lost_match_does_not
ok outfit_challenges/steamer:legend/perfect_match_wins_it
ok outfit_challenges/steamer:legend/empty_lost_match_does_not
ok outfit_challenges/steamer:signature/perfect_match_wins_it
ok outfit_challenges/steamer:signature/empty_lost_match_does_not
ok outfit_challenges/steamer:mythic/perfect_match_wins_it
ok outfit_challenges/steamer:mythic/empty_lost_match_does_not
ok outfit_challenges/fiamma:circuit/perfect_match_wins_it
ok outfit_challenges/fiamma:circuit/empty_lost_match_does_not
ok outfit_challenges/fiamma:legend/perfect_match_wins_it
ok outfit_challenges/fiamma:legend/empty_lost_match_does_not
ok outfit_challenges/fiamma:signature/perfect_match_wins_it
ok outfit_challenges/fiamma:signature/empty_lost_match_does_not
ok outfit_challenges/fiamma:mythic/perfect_match_wins_it
ok outfit_challenges/fiamma:mythic/empty_lost_match_does_not
ok outfit_challenges/oracolo:signature/perfect_match_wins_it
ok outfit_challenges/oracolo:signature/empty_lost_match_does_not
ok outfit_challenges/oracolo:mythic/perfect_match_wins_it
ok outfit_challenges/oracolo:mythic/empty_lost_match_does_not
ok outfit_challenges/colosso:signature/perfect_match_wins_it
ok outfit_challenges/colosso:signature/empty_lost_match_does_not
ok outfit_challenges/colosso:mythic/perfect_match_wins_it
ok outfit_challenges/colosso:mythic/empty_lost_match_does_not
ok outfit_challenges/stars_and_trophies_do_not_unlock_an_outfit
ok outfit_challenges/won_challenge_unlocks_the_outfit
ok outfit_challenges/unlock_code_still_works
# not-ported outfit_challenges/no_presentation_filter_selects_by_unlock: the port has no presentation script yet (UI lane owns them); checking js/ui.js would audit the reference, not the port
# report completiConSfida=20 outfits=26 tettoPunti=11
# report metriche=["winners","errors","doubleFaults","longestRally","smashWinners","totalRallyHits"]
ok outfit_challenges (89 checks, 1 ms)
# audit outfit_challenges not-ported=1
# audit save_progression (res://tests/modes/save_progression_audit.gd)
ok save_progression/career_write_succeeds
ok save_progression/every_career_field_reloads
ok save_progression/career_round_trips_byte_for_byte
ok save_progression/season_reloads_as_an_int
ok save_progression/outfits_won_survives_the_round_trip
ok save_progression/athlete_wins_survives_the_round_trip
ok save_progression/outfit_found_for_the_unlock_check
ok save_progression/unlocked_outfit_still_unlocked_after_reload
ok save_progression/rival_resolves_from_the_reloaded_season
ok save_progression/partial_save_keeps_its_values
ok save_progression/partial_save_keeps_its_stars
ok save_progression/partial_save_gains_defaults
ok save_progression/no_drill_record_yet
ok save_progression/first_drill_score_is_written
ok save_progression/first_drill_best_is_10
ok save_progression/lower_score_is_skipped
ok save_progression/lower_score_keeps_the_record
ok save_progression/equal_score_is_skipped
ok save_progression/higher_score_is_written
ok save_progression/best_follows_the_improvement
ok save_progression/records_are_per_exercise
ok save_progression/session_best_updates_on_improvement
ok save_progression/record_follows_the_session
ok save_progression/session_best_takes_the_persisted_record
ok save_progression/record_untouched_on_a_worse_run
ok save_progression/history_write_succeeds
ok save_progression/history_has_one_entry
ok save_progression/history_is_capped_at_20
ok save_progression/history_is_newest_first
ok save_progression/history_keeps_the_newest_twenty
ok save_progression/oldest_entry_was_dropped
ok save_progression/tournament_round_starts_at_zero
ok save_progression/tournament_round_write_succeeds
ok save_progression/tournament_round_round_trips
ok save_progression/other_prefs_survive
# report career_fields=18
# report store_dir=user://modes-port-audit
ok save_progression (35 checks, 19 ms)
# audit reference_grid (res://tests/modes/reference_grid_audit.gd)
ok reference_grid/grid_has_40_seasons
ok reference_grid/grid_has_120_match_objectives
ok reference_grid/grid_has_40_rivals
ok reference_grid/grid_has_363_ai_profiles
ok reference_grid/grid_has_720_career_fixtures
ok reference_grid/grid_has_30_tournament_fixtures
ok reference_grid/season_objectives_1
ok reference_grid/season_objectives_2
ok reference_grid/season_objectives_3
ok reference_grid/season_objectives_4
ok reference_grid/season_objectives_5
ok reference_grid/season_objectives_6
ok reference_grid/season_objectives_7
ok reference_grid/season_objectives_8
ok reference_grid/season_objectives_9
ok reference_grid/season_objectives_10
ok reference_grid/season_objectives_11
ok reference_grid/season_objectives_12
ok reference_grid/season_objectives_13
ok reference_grid/season_objectives_14
ok reference_grid/season_objectives_15
ok reference_grid/season_objectives_16
ok reference_grid/season_objectives_17
ok reference_grid/season_objectives_18
ok reference_grid/season_objectives_19
ok reference_grid/season_objectives_20
ok reference_grid/season_objectives_21
ok reference_grid/season_objectives_22
ok reference_grid/season_objectives_23
ok reference_grid/season_objectives_24
ok reference_grid/season_objectives_25
ok reference_grid/season_objectives_26
ok reference_grid/season_objectives_27
ok reference_grid/season_objectives_28
ok reference_grid/season_objectives_29
ok reference_grid/season_objectives_30
ok reference_grid/season_objectives_31
ok reference_grid/season_objectives_32
ok reference_grid/season_objectives_33
ok reference_grid/season_objectives_34
ok reference_grid/season_objectives_35
ok reference_grid/season_objectives_36
ok reference_grid/season_objectives_37
ok reference_grid/season_objectives_38
ok reference_grid/season_objectives_39
ok reference_grid/season_objectives_40
ok reference_grid/match_objective_1_0
ok reference_grid/match_objective_1_1
ok reference_grid/match_objective_1_2
ok reference_grid/match_objective_2_0
ok reference_grid/match_objective_2_1
ok reference_grid/match_objective_2_2
ok reference_grid/match_objective_3_0
ok reference_grid/match_objective_3_1
ok reference_grid/match_objective_3_2
ok reference_grid/match_objective_4_0
ok reference_grid/match_objective_4_1
ok reference_grid/match_objective_4_2
ok reference_grid/match_objective_5_0
ok reference_grid/match_objective_5_1
ok reference_grid/match_objective_5_2
ok reference_grid/match_objective_6_0
ok reference_grid/match_objective_6_1
ok reference_grid/match_objective_6_2
ok reference_grid/match_objective_7_0
ok reference_grid/match_objective_7_1
ok reference_grid/match_objective_7_2
ok reference_grid/match_objective_8_0
ok reference_grid/match_objective_8_1
ok reference_grid/match_objective_8_2
ok reference_grid/match_objective_9_0
ok reference_grid/match_objective_9_1
ok reference_grid/match_objective_9_2
ok reference_grid/match_objective_10_0
ok reference_grid/match_objective_10_1
ok reference_grid/match_objective_10_2
ok reference_grid/match_objective_11_0
ok reference_grid/match_objective_11_1
ok reference_grid/match_objective_11_2
ok reference_grid/match_objective_12_0
ok reference_grid/match_objective_12_1
ok reference_grid/match_objective_12_2
ok reference_grid/match_objective_13_0
ok reference_grid/match_objective_13_1
ok reference_grid/match_objective_13_2
ok reference_grid/match_objective_14_0
ok reference_grid/match_objective_14_1
ok reference_grid/match_objective_14_2
ok reference_grid/match_objective_15_0
ok reference_grid/match_objective_15_1
ok reference_grid/match_objective_15_2
ok reference_grid/match_objective_16_0
ok reference_grid/match_objective_16_1
ok reference_grid/match_objective_16_2
ok reference_grid/match_objective_17_0
ok reference_grid/match_objective_17_1
ok reference_grid/match_objective_17_2
ok reference_grid/match_objective_18_0
ok reference_grid/match_objective_18_1
ok reference_grid/match_objective_18_2
ok reference_grid/match_objective_19_0
ok reference_grid/match_objective_19_1
ok reference_grid/match_objective_19_2
ok reference_grid/match_objective_20_0
ok reference_grid/match_objective_20_1
ok reference_grid/match_objective_20_2
ok reference_grid/match_objective_21_0
ok reference_grid/match_objective_21_1
ok reference_grid/match_objective_21_2
ok reference_grid/match_objective_22_0
ok reference_grid/match_objective_22_1
ok reference_grid/match_objective_22_2
ok reference_grid/match_objective_23_0
ok reference_grid/match_objective_23_1
ok reference_grid/match_objective_23_2
ok reference_grid/match_objective_24_0
ok reference_grid/match_objective_24_1
ok reference_grid/match_objective_24_2
ok reference_grid/match_objective_25_0
ok reference_grid/match_objective_25_1
ok reference_grid/match_objective_25_2
ok reference_grid/match_objective_26_0
ok reference_grid/match_objective_26_1
ok reference_grid/match_objective_26_2
ok reference_grid/match_objective_27_0
ok reference_grid/match_objective_27_1
ok reference_grid/match_objective_27_2
ok reference_grid/match_objective_28_0
ok reference_grid/match_objective_28_1
ok reference_grid/match_objective_28_2
ok reference_grid/match_objective_29_0
ok reference_grid/match_objective_29_1
ok reference_grid/match_objective_29_2
ok reference_grid/match_objective_30_0
ok reference_grid/match_objective_30_1
ok reference_grid/match_objective_30_2
ok reference_grid/match_objective_31_0
ok reference_grid/match_objective_31_1
ok reference_grid/match_objective_31_2
ok reference_grid/match_objective_32_0
ok reference_grid/match_objective_32_1
ok reference_grid/match_objective_32_2
ok reference_grid/match_objective_33_0
ok reference_grid/match_objective_33_1
ok reference_grid/match_objective_33_2
ok reference_grid/match_objective_34_0
ok reference_grid/match_objective_34_1
ok reference_grid/match_objective_34_2
ok reference_grid/match_objective_35_0
ok reference_grid/match_objective_35_1
ok reference_grid/match_objective_35_2
ok reference_grid/match_objective_36_0
ok reference_grid/match_objective_36_1
ok reference_grid/match_objective_36_2
ok reference_grid/match_objective_37_0
ok reference_grid/match_objective_37_1
ok reference_grid/match_objective_37_2
ok reference_grid/match_objective_38_0
ok reference_grid/match_objective_38_1
ok reference_grid/match_objective_38_2
ok reference_grid/match_objective_39_0
ok reference_grid/match_objective_39_1
ok reference_grid/match_objective_39_2
ok reference_grid/match_objective_40_0
ok reference_grid/match_objective_40_1
ok reference_grid/match_objective_40_2
ok reference_grid/career_rival_1
ok reference_grid/career_rival_2
ok reference_grid/career_rival_3
ok reference_grid/career_rival_4
ok reference_grid/career_rival_5
ok reference_grid/career_rival_6
ok reference_grid/career_rival_7
ok reference_grid/career_rival_8
ok reference_grid/career_rival_9
ok reference_grid/career_rival_10
ok reference_grid/career_rival_11
ok reference_grid/career_rival_12
ok reference_grid/career_rival_13
ok reference_grid/career_rival_14
ok reference_grid/career_rival_15
ok reference_grid/career_rival_16
ok reference_grid/career_rival_17
ok reference_grid/career_rival_18
ok reference_grid/career_rival_19
ok reference_grid/career_rival_20
ok reference_grid/career_rival_21
ok reference_grid/career_rival_22
ok reference_grid/career_rival_23
ok reference_grid/career_rival_24
ok reference_grid/career_rival_25
ok reference_grid/career_rival_26
ok reference_grid/career_rival_27
ok reference_grid/career_rival_28
ok reference_grid/career_rival_29
ok reference_grid/career_rival_30
ok reference_grid/career_rival_31
ok reference_grid/career_rival_32
ok reference_grid/career_rival_33
ok reference_grid/career_rival_34
ok reference_grid/career_rival_35
ok reference_grid/career_rival_36
ok reference_grid/career_rival_37
ok reference_grid/career_rival_38
ok reference_grid/career_rival_39
ok reference_grid/career_rival_40
ok reference_grid/career_ai_profile_1_0/id
ok reference_grid/career_ai_profile_1_0/skill
ok reference_grid/career_ai_profile_1_0/speed
ok reference_grid/career_ai_profile_1_0/power
ok reference_grid/career_ai_profile_1_1/id
ok reference_grid/career_ai_profile_1_1/skill
ok reference_grid/career_ai_profile_1_1/speed
ok reference_grid/career_ai_profile_1_1/power
ok reference_grid/career_ai_profile_1_2/id
ok reference_grid/career_ai_profile_1_2/skill
ok reference_grid/career_ai_profile_1_2/speed
ok reference_grid/career_ai_profile_1_2/power
ok reference_grid/career_ai_profile_2_0/id
ok reference_grid/career_ai_profile_2_0/skill
ok reference_grid/career_ai_profile_2_0/speed
ok reference_grid/career_ai_profile_2_0/power
ok reference_grid/career_ai_profile_2_1/id
ok reference_grid/career_ai_profile_2_1/skill
ok reference_grid/career_ai_profile_2_1/speed
ok reference_grid/career_ai_profile_2_1/power
ok reference_grid/career_ai_profile_2_2/id
ok reference_grid/career_ai_profile_2_2/skill
ok reference_grid/career_ai_profile_2_2/speed
ok reference_grid/career_ai_profile_2_2/power
ok reference_grid/career_ai_profile_3_0/id
ok reference_grid/career_ai_profile_3_0/skill
ok reference_grid/career_ai_profile_3_0/speed
ok reference_grid/career_ai_profile_3_0/power
ok reference_grid/career_ai_profile_3_1/id
ok reference_grid/career_ai_profile_3_1/skill
ok reference_grid/career_ai_profile_3_1/speed
ok reference_grid/career_ai_profile_3_1/power
ok reference_grid/career_ai_profile_3_2/id
ok reference_grid/career_ai_profile_3_2/skill
ok reference_grid/career_ai_profile_3_2/speed
ok reference_grid/career_ai_profile_3_2/power
ok reference_grid/career_ai_profile_4_0/id
ok reference_grid/career_ai_profile_4_0/skill
ok reference_grid/career_ai_profile_4_0/speed
ok reference_grid/career_ai_profile_4_0/power
ok reference_grid/career_ai_profile_4_1/id
ok reference_grid/career_ai_profile_4_1/skill
ok reference_grid/career_ai_profile_4_1/speed
ok reference_grid/career_ai_profile_4_1/power
ok reference_grid/career_ai_profile_4_2/id
ok reference_grid/career_ai_profile_4_2/skill
ok reference_grid/career_ai_profile_4_2/speed
ok reference_grid/career_ai_profile_4_2/power
ok reference_grid/career_ai_profile_5_0/id
ok reference_grid/career_ai_profile_5_0/skill
ok reference_grid/career_ai_profile_5_0/speed
ok reference_grid/career_ai_profile_5_0/power
ok reference_grid/career_ai_profile_5_1/id
ok reference_grid/career_ai_profile_5_1/skill
ok reference_grid/career_ai_profile_5_1/speed
ok reference_grid/career_ai_profile_5_1/power
ok reference_grid/career_ai_profile_5_2/id
ok reference_grid/career_ai_profile_5_2/skill
ok reference_grid/career_ai_profile_5_2/speed
ok reference_grid/career_ai_profile_5_2/power
ok reference_grid/career_ai_profile_6_0/id
ok reference_grid/career_ai_profile_6_0/skill
ok reference_grid/career_ai_profile_6_0/speed
ok reference_grid/career_ai_profile_6_0/power
ok reference_grid/career_ai_profile_6_1/id
ok reference_grid/career_ai_profile_6_1/skill
ok reference_grid/career_ai_profile_6_1/speed
ok reference_grid/career_ai_profile_6_1/power
ok reference_grid/career_ai_profile_6_2/id
ok reference_grid/career_ai_profile_6_2/skill
ok reference_grid/career_ai_profile_6_2/speed
ok reference_grid/career_ai_profile_6_2/power
ok reference_grid/career_ai_profile_7_0/id
ok reference_grid/career_ai_profile_7_0/skill
ok reference_grid/career_ai_profile_7_0/speed
ok reference_grid/career_ai_profile_7_0/power
ok reference_grid/career_ai_profile_7_1/id
ok reference_grid/career_ai_profile_7_1/skill
ok reference_grid/career_ai_profile_7_1/speed
ok reference_grid/career_ai_profile_7_1/power
ok reference_grid/career_ai_profile_7_2/id
ok reference_grid/career_ai_profile_7_2/skill
ok reference_grid/career_ai_profile_7_2/speed
ok reference_grid/career_ai_profile_7_2/power
ok reference_grid/career_ai_profile_8_0/id
ok reference_grid/career_ai_profile_8_0/skill
ok reference_grid/career_ai_profile_8_0/speed
ok reference_grid/career_ai_profile_8_0/power
ok reference_grid/career_ai_profile_8_1/id
ok reference_grid/career_ai_profile_8_1/skill
ok reference_grid/career_ai_profile_8_1/speed
ok reference_grid/career_ai_profile_8_1/power
ok reference_grid/career_ai_profile_8_2/id
ok reference_grid/career_ai_profile_8_2/skill
ok reference_grid/career_ai_profile_8_2/speed
ok reference_grid/career_ai_profile_8_2/power
ok reference_grid/career_ai_profile_9_0/id
ok reference_grid/career_ai_profile_9_0/skill
ok reference_grid/career_ai_profile_9_0/speed
ok reference_grid/career_ai_profile_9_0/power
ok reference_grid/career_ai_profile_9_1/id
ok reference_grid/career_ai_profile_9_1/skill
ok reference_grid/career_ai_profile_9_1/speed
ok reference_grid/career_ai_profile_9_1/power
ok reference_grid/career_ai_profile_9_2/id
ok reference_grid/career_ai_profile_9_2/skill
ok reference_grid/career_ai_profile_9_2/speed
ok reference_grid/career_ai_profile_9_2/power
ok reference_grid/career_ai_profile_10_0/id
ok reference_grid/career_ai_profile_10_0/skill
ok reference_grid/career_ai_profile_10_0/speed
ok reference_grid/career_ai_profile_10_0/power
ok reference_grid/career_ai_profile_10_1/id
ok reference_grid/career_ai_profile_10_1/skill
ok reference_grid/career_ai_profile_10_1/speed
ok reference_grid/career_ai_profile_10_1/power
ok reference_grid/career_ai_profile_10_2/id
ok reference_grid/career_ai_profile_10_2/skill
ok reference_grid/career_ai_profile_10_2/speed
ok reference_grid/career_ai_profile_10_2/power
ok reference_grid/career_ai_profile_11_0/id
ok reference_grid/career_ai_profile_11_0/skill
ok reference_grid/career_ai_profile_11_0/speed
ok reference_grid/career_ai_profile_11_0/power
ok reference_grid/career_ai_profile_11_1/id
ok reference_grid/career_ai_profile_11_1/skill
ok reference_grid/career_ai_profile_11_1/speed
ok reference_grid/career_ai_profile_11_1/power
ok reference_grid/career_ai_profile_11_2/id
ok reference_grid/career_ai_profile_11_2/skill
ok reference_grid/career_ai_profile_11_2/speed
ok reference_grid/career_ai_profile_11_2/power
ok reference_grid/career_ai_profile_12_0/id
ok reference_grid/career_ai_profile_12_0/skill
ok reference_grid/career_ai_profile_12_0/speed
ok reference_grid/career_ai_profile_12_0/power
ok reference_grid/career_ai_profile_12_1/id
ok reference_grid/career_ai_profile_12_1/skill
ok reference_grid/career_ai_profile_12_1/speed
ok reference_grid/career_ai_profile_12_1/power
ok reference_grid/career_ai_profile_12_2/id
ok reference_grid/career_ai_profile_12_2/skill
ok reference_grid/career_ai_profile_12_2/speed
ok reference_grid/career_ai_profile_12_2/power
ok reference_grid/career_ai_profile_13_0/id
ok reference_grid/career_ai_profile_13_0/skill
ok reference_grid/career_ai_profile_13_0/speed
ok reference_grid/career_ai_profile_13_0/power
ok reference_grid/career_ai_profile_13_1/id
ok reference_grid/career_ai_profile_13_1/skill
ok reference_grid/career_ai_profile_13_1/speed
ok reference_grid/career_ai_profile_13_1/power
ok reference_grid/career_ai_profile_13_2/id
ok reference_grid/career_ai_profile_13_2/skill
ok reference_grid/career_ai_profile_13_2/speed
ok reference_grid/career_ai_profile_13_2/power
ok reference_grid/career_ai_profile_14_0/id
ok reference_grid/career_ai_profile_14_0/skill
ok reference_grid/career_ai_profile_14_0/speed
ok reference_grid/career_ai_profile_14_0/power
ok reference_grid/career_ai_profile_14_1/id
ok reference_grid/career_ai_profile_14_1/skill
ok reference_grid/career_ai_profile_14_1/speed
ok reference_grid/career_ai_profile_14_1/power
ok reference_grid/career_ai_profile_14_2/id
ok reference_grid/career_ai_profile_14_2/skill
ok reference_grid/career_ai_profile_14_2/speed
ok reference_grid/career_ai_profile_14_2/power
ok reference_grid/career_ai_profile_15_0/id
ok reference_grid/career_ai_profile_15_0/skill
ok reference_grid/career_ai_profile_15_0/speed
ok reference_grid/career_ai_profile_15_0/power
ok reference_grid/career_ai_profile_15_1/id
ok reference_grid/career_ai_profile_15_1/skill
ok reference_grid/career_ai_profile_15_1/speed
ok reference_grid/career_ai_profile_15_1/power
ok reference_grid/career_ai_profile_15_2/id
ok reference_grid/career_ai_profile_15_2/skill
ok reference_grid/career_ai_profile_15_2/speed
ok reference_grid/career_ai_profile_15_2/power
ok reference_grid/career_ai_profile_16_0/id
ok reference_grid/career_ai_profile_16_0/skill
ok reference_grid/career_ai_profile_16_0/speed
ok reference_grid/career_ai_profile_16_0/power
ok reference_grid/career_ai_profile_16_1/id
ok reference_grid/career_ai_profile_16_1/skill
ok reference_grid/career_ai_profile_16_1/speed
ok reference_grid/career_ai_profile_16_1/power
ok reference_grid/career_ai_profile_16_2/id
ok reference_grid/career_ai_profile_16_2/skill
ok reference_grid/career_ai_profile_16_2/speed
ok reference_grid/career_ai_profile_16_2/power
ok reference_grid/career_ai_profile_17_0/id
ok reference_grid/career_ai_profile_17_0/skill
ok reference_grid/career_ai_profile_17_0/speed
ok reference_grid/career_ai_profile_17_0/power
ok reference_grid/career_ai_profile_17_1/id
ok reference_grid/career_ai_profile_17_1/skill
ok reference_grid/career_ai_profile_17_1/speed
ok reference_grid/career_ai_profile_17_1/power
ok reference_grid/career_ai_profile_17_2/id
ok reference_grid/career_ai_profile_17_2/skill
ok reference_grid/career_ai_profile_17_2/speed
ok reference_grid/career_ai_profile_17_2/power
ok reference_grid/career_ai_profile_18_0/id
ok reference_grid/career_ai_profile_18_0/skill
ok reference_grid/career_ai_profile_18_0/speed
ok reference_grid/career_ai_profile_18_0/power
ok reference_grid/career_ai_profile_18_1/id
ok reference_grid/career_ai_profile_18_1/skill
ok reference_grid/career_ai_profile_18_1/speed
ok reference_grid/career_ai_profile_18_1/power
ok reference_grid/career_ai_profile_18_2/id
ok reference_grid/career_ai_profile_18_2/skill
ok reference_grid/career_ai_profile_18_2/speed
ok reference_grid/career_ai_profile_18_2/power
ok reference_grid/career_ai_profile_19_0/id
ok reference_grid/career_ai_profile_19_0/skill
ok reference_grid/career_ai_profile_19_0/speed
ok reference_grid/career_ai_profile_19_0/power
ok reference_grid/career_ai_profile_19_1/id
ok reference_grid/career_ai_profile_19_1/skill
ok reference_grid/career_ai_profile_19_1/speed
ok reference_grid/career_ai_profile_19_1/power
ok reference_grid/career_ai_profile_19_2/id
ok reference_grid/career_ai_profile_19_2/skill
ok reference_grid/career_ai_profile_19_2/speed
ok reference_grid/career_ai_profile_19_2/power
ok reference_grid/career_ai_profile_20_0/id
ok reference_grid/career_ai_profile_20_0/skill
ok reference_grid/career_ai_profile_20_0/speed
ok reference_grid/career_ai_profile_20_0/power
ok reference_grid/career_ai_profile_20_1/id
ok reference_grid/career_ai_profile_20_1/skill
ok reference_grid/career_ai_profile_20_1/speed
ok reference_grid/career_ai_profile_20_1/power
ok reference_grid/career_ai_profile_20_2/id
ok reference_grid/career_ai_profile_20_2/skill
ok reference_grid/career_ai_profile_20_2/speed
ok reference_grid/career_ai_profile_20_2/power
ok reference_grid/career_ai_profile_21_0/id
ok reference_grid/career_ai_profile_21_0/skill
ok reference_grid/career_ai_profile_21_0/speed
ok reference_grid/career_ai_profile_21_0/power
ok reference_grid/career_ai_profile_21_1/id
ok reference_grid/career_ai_profile_21_1/skill
ok reference_grid/career_ai_profile_21_1/speed
ok reference_grid/career_ai_profile_21_1/power
ok reference_grid/career_ai_profile_21_2/id
ok reference_grid/career_ai_profile_21_2/skill
ok reference_grid/career_ai_profile_21_2/speed
ok reference_grid/career_ai_profile_21_2/power
ok reference_grid/career_ai_profile_22_0/id
ok reference_grid/career_ai_profile_22_0/skill
ok reference_grid/career_ai_profile_22_0/speed
ok reference_grid/career_ai_profile_22_0/power
ok reference_grid/career_ai_profile_22_1/id
ok reference_grid/career_ai_profile_22_1/skill
ok reference_grid/career_ai_profile_22_1/speed
ok reference_grid/career_ai_profile_22_1/power
ok reference_grid/career_ai_profile_22_2/id
ok reference_grid/career_ai_profile_22_2/skill
ok reference_grid/career_ai_profile_22_2/speed
ok reference_grid/career_ai_profile_22_2/power
ok reference_grid/career_ai_profile_23_0/id
ok reference_grid/career_ai_profile_23_0/skill
ok reference_grid/career_ai_profile_23_0/speed
ok reference_grid/career_ai_profile_23_0/power
ok reference_grid/career_ai_profile_23_1/id
ok reference_grid/career_ai_profile_23_1/skill
ok reference_grid/career_ai_profile_23_1/speed
ok reference_grid/career_ai_profile_23_1/power
ok reference_grid/career_ai_profile_23_2/id
ok reference_grid/career_ai_profile_23_2/skill
ok reference_grid/career_ai_profile_23_2/speed
ok reference_grid/career_ai_profile_23_2/power
ok reference_grid/career_ai_profile_24_0/id
ok reference_grid/career_ai_profile_24_0/skill
ok reference_grid/career_ai_profile_24_0/speed
ok reference_grid/career_ai_profile_24_0/power
ok reference_grid/career_ai_profile_24_1/id
ok reference_grid/career_ai_profile_24_1/skill
ok reference_grid/career_ai_profile_24_1/speed
ok reference_grid/career_ai_profile_24_1/power
ok reference_grid/career_ai_profile_24_2/id
ok reference_grid/career_ai_profile_24_2/skill
ok reference_grid/career_ai_profile_24_2/speed
ok reference_grid/career_ai_profile_24_2/power
ok reference_grid/career_ai_profile_25_0/id
ok reference_grid/career_ai_profile_25_0/skill
ok reference_grid/career_ai_profile_25_0/speed
ok reference_grid/career_ai_profile_25_0/power
ok reference_grid/career_ai_profile_25_1/id
ok reference_grid/career_ai_profile_25_1/skill
ok reference_grid/career_ai_profile_25_1/speed
ok reference_grid/career_ai_profile_25_1/power
ok reference_grid/career_ai_profile_25_2/id
ok reference_grid/career_ai_profile_25_2/skill
ok reference_grid/career_ai_profile_25_2/speed
ok reference_grid/career_ai_profile_25_2/power
ok reference_grid/career_ai_profile_26_0/id
ok reference_grid/career_ai_profile_26_0/skill
ok reference_grid/career_ai_profile_26_0/speed
ok reference_grid/career_ai_profile_26_0/power
ok reference_grid/career_ai_profile_26_1/id
ok reference_grid/career_ai_profile_26_1/skill
ok reference_grid/career_ai_profile_26_1/speed
ok reference_grid/career_ai_profile_26_1/power
ok reference_grid/career_ai_profile_26_2/id
ok reference_grid/career_ai_profile_26_2/skill
ok reference_grid/career_ai_profile_26_2/speed
ok reference_grid/career_ai_profile_26_2/power
ok reference_grid/career_ai_profile_27_0/id
ok reference_grid/career_ai_profile_27_0/skill
ok reference_grid/career_ai_profile_27_0/speed
ok reference_grid/career_ai_profile_27_0/power
ok reference_grid/career_ai_profile_27_1/id
ok reference_grid/career_ai_profile_27_1/skill
ok reference_grid/career_ai_profile_27_1/speed
ok reference_grid/career_ai_profile_27_1/power
ok reference_grid/career_ai_profile_27_2/id
ok reference_grid/career_ai_profile_27_2/skill
ok reference_grid/career_ai_profile_27_2/speed
ok reference_grid/career_ai_profile_27_2/power
ok reference_grid/career_ai_profile_28_0/id
ok reference_grid/career_ai_profile_28_0/skill
ok reference_grid/career_ai_profile_28_0/speed
ok reference_grid/career_ai_profile_28_0/power
ok reference_grid/career_ai_profile_28_1/id
ok reference_grid/career_ai_profile_28_1/skill
ok reference_grid/career_ai_profile_28_1/speed
ok reference_grid/career_ai_profile_28_1/power
ok reference_grid/career_ai_profile_28_2/id
ok reference_grid/career_ai_profile_28_2/skill
ok reference_grid/career_ai_profile_28_2/speed
ok reference_grid/career_ai_profile_28_2/power
ok reference_grid/career_ai_profile_29_0/id
ok reference_grid/career_ai_profile_29_0/skill
ok reference_grid/career_ai_profile_29_0/speed
ok reference_grid/career_ai_profile_29_0/power
ok reference_grid/career_ai_profile_29_1/id
ok reference_grid/career_ai_profile_29_1/skill
ok reference_grid/career_ai_profile_29_1/speed
ok reference_grid/career_ai_profile_29_1/power
ok reference_grid/career_ai_profile_29_2/id
ok reference_grid/career_ai_profile_29_2/skill
ok reference_grid/career_ai_profile_29_2/speed
ok reference_grid/career_ai_profile_29_2/power
ok reference_grid/career_ai_profile_30_0/id
ok reference_grid/career_ai_profile_30_0/skill
ok reference_grid/career_ai_profile_30_0/speed
ok reference_grid/career_ai_profile_30_0/power
ok reference_grid/career_ai_profile_30_1/id
ok reference_grid/career_ai_profile_30_1/skill
ok reference_grid/career_ai_profile_30_1/speed
ok reference_grid/career_ai_profile_30_1/power
ok reference_grid/career_ai_profile_30_2/id
ok reference_grid/career_ai_profile_30_2/skill
ok reference_grid/career_ai_profile_30_2/speed
ok reference_grid/career_ai_profile_30_2/power
ok reference_grid/career_ai_profile_31_0/id
ok reference_grid/career_ai_profile_31_0/skill
ok reference_grid/career_ai_profile_31_0/speed
ok reference_grid/career_ai_profile_31_0/power
ok reference_grid/career_ai_profile_31_1/id
ok reference_grid/career_ai_profile_31_1/skill
ok reference_grid/career_ai_profile_31_1/speed
ok reference_grid/career_ai_profile_31_1/power
ok reference_grid/career_ai_profile_31_2/id
ok reference_grid/career_ai_profile_31_2/skill
ok reference_grid/career_ai_profile_31_2/speed
ok reference_grid/career_ai_profile_31_2/power
ok reference_grid/career_ai_profile_32_0/id
ok reference_grid/career_ai_profile_32_0/skill
ok reference_grid/career_ai_profile_32_0/speed
ok reference_grid/career_ai_profile_32_0/power
ok reference_grid/career_ai_profile_32_1/id
ok reference_grid/career_ai_profile_32_1/skill
ok reference_grid/career_ai_profile_32_1/speed
ok reference_grid/career_ai_profile_32_1/power
ok reference_grid/career_ai_profile_32_2/id
ok reference_grid/career_ai_profile_32_2/skill
ok reference_grid/career_ai_profile_32_2/speed
ok reference_grid/career_ai_profile_32_2/power
ok reference_grid/career_ai_profile_33_0/id
ok reference_grid/career_ai_profile_33_0/skill
ok reference_grid/career_ai_profile_33_0/speed
ok reference_grid/career_ai_profile_33_0/power
ok reference_grid/career_ai_profile_33_1/id
ok reference_grid/career_ai_profile_33_1/skill
ok reference_grid/career_ai_profile_33_1/speed
ok reference_grid/career_ai_profile_33_1/power
ok reference_grid/career_ai_profile_33_2/id
ok reference_grid/career_ai_profile_33_2/skill
ok reference_grid/career_ai_profile_33_2/speed
ok reference_grid/career_ai_profile_33_2/power
ok reference_grid/career_ai_profile_34_0/id
ok reference_grid/career_ai_profile_34_0/skill
ok reference_grid/career_ai_profile_34_0/speed
ok reference_grid/career_ai_profile_34_0/power
ok reference_grid/career_ai_profile_34_1/id
ok reference_grid/career_ai_profile_34_1/skill
ok reference_grid/career_ai_profile_34_1/speed
ok reference_grid/career_ai_profile_34_1/power
ok reference_grid/career_ai_profile_34_2/id
ok reference_grid/career_ai_profile_34_2/skill
ok reference_grid/career_ai_profile_34_2/speed
ok reference_grid/career_ai_profile_34_2/power
ok reference_grid/career_ai_profile_35_0/id
ok reference_grid/career_ai_profile_35_0/skill
ok reference_grid/career_ai_profile_35_0/speed
ok reference_grid/career_ai_profile_35_0/power
ok reference_grid/career_ai_profile_35_1/id
ok reference_grid/career_ai_profile_35_1/skill
ok reference_grid/career_ai_profile_35_1/speed
ok reference_grid/career_ai_profile_35_1/power
ok reference_grid/career_ai_profile_35_2/id
ok reference_grid/career_ai_profile_35_2/skill
ok reference_grid/career_ai_profile_35_2/speed
ok reference_grid/career_ai_profile_35_2/power
ok reference_grid/career_ai_profile_36_0/id
ok reference_grid/career_ai_profile_36_0/skill
ok reference_grid/career_ai_profile_36_0/speed
ok reference_grid/career_ai_profile_36_0/power
ok reference_grid/career_ai_profile_36_1/id
ok reference_grid/career_ai_profile_36_1/skill
ok reference_grid/career_ai_profile_36_1/speed
ok reference_grid/career_ai_profile_36_1/power
ok reference_grid/career_ai_profile_36_2/id
ok reference_grid/career_ai_profile_36_2/skill
ok reference_grid/career_ai_profile_36_2/speed
ok reference_grid/career_ai_profile_36_2/power
ok reference_grid/career_ai_profile_37_0/id
ok reference_grid/career_ai_profile_37_0/skill
ok reference_grid/career_ai_profile_37_0/speed
ok reference_grid/career_ai_profile_37_0/power
ok reference_grid/career_ai_profile_37_1/id
ok reference_grid/career_ai_profile_37_1/skill
ok reference_grid/career_ai_profile_37_1/speed
ok reference_grid/career_ai_profile_37_1/power
ok reference_grid/career_ai_profile_37_2/id
ok reference_grid/career_ai_profile_37_2/skill
ok reference_grid/career_ai_profile_37_2/speed
ok reference_grid/career_ai_profile_37_2/power
ok reference_grid/career_ai_profile_38_0/id
ok reference_grid/career_ai_profile_38_0/skill
ok reference_grid/career_ai_profile_38_0/speed
ok reference_grid/career_ai_profile_38_0/power
ok reference_grid/career_ai_profile_38_1/id
ok reference_grid/career_ai_profile_38_1/skill
ok reference_grid/career_ai_profile_38_1/speed
ok reference_grid/career_ai_profile_38_1/power
ok reference_grid/career_ai_profile_38_2/id
ok reference_grid/career_ai_profile_38_2/skill
ok reference_grid/career_ai_profile_38_2/speed
ok reference_grid/career_ai_profile_38_2/power
ok reference_grid/career_ai_profile_39_0/id
ok reference_grid/career_ai_profile_39_0/skill
ok reference_grid/career_ai_profile_39_0/speed
ok reference_grid/career_ai_profile_39_0/power
ok reference_grid/career_ai_profile_39_1/id
ok reference_grid/career_ai_profile_39_1/skill
ok reference_grid/career_ai_profile_39_1/speed
ok reference_grid/career_ai_profile_39_1/power
ok reference_grid/career_ai_profile_39_2/id
ok reference_grid/career_ai_profile_39_2/skill
ok reference_grid/career_ai_profile_39_2/speed
ok reference_grid/career_ai_profile_39_2/power
ok reference_grid/career_ai_profile_40_0/id
ok reference_grid/career_ai_profile_40_0/skill
ok reference_grid/career_ai_profile_40_0/speed
ok reference_grid/career_ai_profile_40_0/power
ok reference_grid/career_ai_profile_40_1/id
ok reference_grid/career_ai_profile_40_1/skill
ok reference_grid/career_ai_profile_40_1/speed
ok reference_grid/career_ai_profile_40_1/power
ok reference_grid/career_ai_profile_40_2/id
ok reference_grid/career_ai_profile_40_2/skill
ok reference_grid/career_ai_profile_40_2/speed
ok reference_grid/career_ai_profile_40_2/power
ok reference_grid/career_ai_profile_41_0/id
ok reference_grid/career_ai_profile_41_0/skill
ok reference_grid/career_ai_profile_41_0/speed
ok reference_grid/career_ai_profile_41_0/power
ok reference_grid/career_ai_profile_41_1/id
ok reference_grid/career_ai_profile_41_1/skill
ok reference_grid/career_ai_profile_41_1/speed
ok reference_grid/career_ai_profile_41_1/power
ok reference_grid/career_ai_profile_41_2/id
ok reference_grid/career_ai_profile_41_2/skill
ok reference_grid/career_ai_profile_41_2/speed
ok reference_grid/career_ai_profile_41_2/power
ok reference_grid/career_ai_profile_42_0/id
ok reference_grid/career_ai_profile_42_0/skill
ok reference_grid/career_ai_profile_42_0/speed
ok reference_grid/career_ai_profile_42_0/power
ok reference_grid/career_ai_profile_42_1/id
ok reference_grid/career_ai_profile_42_1/skill
ok reference_grid/career_ai_profile_42_1/speed
ok reference_grid/career_ai_profile_42_1/power
ok reference_grid/career_ai_profile_42_2/id
ok reference_grid/career_ai_profile_42_2/skill
ok reference_grid/career_ai_profile_42_2/speed
ok reference_grid/career_ai_profile_42_2/power
ok reference_grid/career_ai_profile_43_0/id
ok reference_grid/career_ai_profile_43_0/skill
ok reference_grid/career_ai_profile_43_0/speed
ok reference_grid/career_ai_profile_43_0/power
ok reference_grid/career_ai_profile_43_1/id
ok reference_grid/career_ai_profile_43_1/skill
ok reference_grid/career_ai_profile_43_1/speed
ok reference_grid/career_ai_profile_43_1/power
ok reference_grid/career_ai_profile_43_2/id
ok reference_grid/career_ai_profile_43_2/skill
ok reference_grid/career_ai_profile_43_2/speed
ok reference_grid/career_ai_profile_43_2/power
ok reference_grid/career_ai_profile_44_0/id
ok reference_grid/career_ai_profile_44_0/skill
ok reference_grid/career_ai_profile_44_0/speed
ok reference_grid/career_ai_profile_44_0/power
ok reference_grid/career_ai_profile_44_1/id
ok reference_grid/career_ai_profile_44_1/skill
ok reference_grid/career_ai_profile_44_1/speed
ok reference_grid/career_ai_profile_44_1/power
ok reference_grid/career_ai_profile_44_2/id
ok reference_grid/career_ai_profile_44_2/skill
ok reference_grid/career_ai_profile_44_2/speed
ok reference_grid/career_ai_profile_44_2/power
ok reference_grid/career_ai_profile_45_0/id
ok reference_grid/career_ai_profile_45_0/skill
ok reference_grid/career_ai_profile_45_0/speed
ok reference_grid/career_ai_profile_45_0/power
ok reference_grid/career_ai_profile_45_1/id
ok reference_grid/career_ai_profile_45_1/skill
ok reference_grid/career_ai_profile_45_1/speed
ok reference_grid/career_ai_profile_45_1/power
ok reference_grid/career_ai_profile_45_2/id
ok reference_grid/career_ai_profile_45_2/skill
ok reference_grid/career_ai_profile_45_2/speed
ok reference_grid/career_ai_profile_45_2/power
ok reference_grid/career_ai_profile_46_0/id
ok reference_grid/career_ai_profile_46_0/skill
ok reference_grid/career_ai_profile_46_0/speed
ok reference_grid/career_ai_profile_46_0/power
ok reference_grid/career_ai_profile_46_1/id
ok reference_grid/career_ai_profile_46_1/skill
ok reference_grid/career_ai_profile_46_1/speed
ok reference_grid/career_ai_profile_46_1/power
ok reference_grid/career_ai_profile_46_2/id
ok reference_grid/career_ai_profile_46_2/skill
ok reference_grid/career_ai_profile_46_2/speed
ok reference_grid/career_ai_profile_46_2/power
ok reference_grid/career_ai_profile_47_0/id
ok reference_grid/career_ai_profile_47_0/skill
ok reference_grid/career_ai_profile_47_0/speed
ok reference_grid/career_ai_profile_47_0/power
ok reference_grid/career_ai_profile_47_1/id
ok reference_grid/career_ai_profile_47_1/skill
ok reference_grid/career_ai_profile_47_1/speed
ok reference_grid/career_ai_profile_47_1/power
ok reference_grid/career_ai_profile_47_2/id
ok reference_grid/career_ai_profile_47_2/skill
ok reference_grid/career_ai_profile_47_2/speed
ok reference_grid/career_ai_profile_47_2/power
ok reference_grid/career_ai_profile_48_0/id
ok reference_grid/career_ai_profile_48_0/skill
ok reference_grid/career_ai_profile_48_0/speed
ok reference_grid/career_ai_profile_48_0/power
ok reference_grid/career_ai_profile_48_1/id
ok reference_grid/career_ai_profile_48_1/skill
ok reference_grid/career_ai_profile_48_1/speed
ok reference_grid/career_ai_profile_48_1/power
ok reference_grid/career_ai_profile_48_2/id
ok reference_grid/career_ai_profile_48_2/skill
ok reference_grid/career_ai_profile_48_2/speed
ok reference_grid/career_ai_profile_48_2/power
ok reference_grid/career_ai_profile_49_0/id
ok reference_grid/career_ai_profile_49_0/skill
ok reference_grid/career_ai_profile_49_0/speed
ok reference_grid/career_ai_profile_49_0/power
ok reference_grid/career_ai_profile_49_1/id
ok reference_grid/career_ai_profile_49_1/skill
ok reference_grid/career_ai_profile_49_1/speed
ok reference_grid/career_ai_profile_49_1/power
ok reference_grid/career_ai_profile_49_2/id
ok reference_grid/career_ai_profile_49_2/skill
ok reference_grid/career_ai_profile_49_2/speed
ok reference_grid/career_ai_profile_49_2/power
ok reference_grid/career_ai_profile_50_0/id
ok reference_grid/career_ai_profile_50_0/skill
ok reference_grid/career_ai_profile_50_0/speed
ok reference_grid/career_ai_profile_50_0/power
ok reference_grid/career_ai_profile_50_1/id
ok reference_grid/career_ai_profile_50_1/skill
ok reference_grid/career_ai_profile_50_1/speed
ok reference_grid/career_ai_profile_50_1/power
ok reference_grid/career_ai_profile_50_2/id
ok reference_grid/career_ai_profile_50_2/skill
ok reference_grid/career_ai_profile_50_2/speed
ok reference_grid/career_ai_profile_50_2/power
ok reference_grid/career_ai_profile_51_0/id
ok reference_grid/career_ai_profile_51_0/skill
ok reference_grid/career_ai_profile_51_0/speed
ok reference_grid/career_ai_profile_51_0/power
ok reference_grid/career_ai_profile_51_1/id
ok reference_grid/career_ai_profile_51_1/skill
ok reference_grid/career_ai_profile_51_1/speed
ok reference_grid/career_ai_profile_51_1/power
ok reference_grid/career_ai_profile_51_2/id
ok reference_grid/career_ai_profile_51_2/skill
ok reference_grid/career_ai_profile_51_2/speed
ok reference_grid/career_ai_profile_51_2/power
ok reference_grid/career_ai_profile_52_0/id
ok reference_grid/career_ai_profile_52_0/skill
ok reference_grid/career_ai_profile_52_0/speed
ok reference_grid/career_ai_profile_52_0/power
ok reference_grid/career_ai_profile_52_1/id
ok reference_grid/career_ai_profile_52_1/skill
ok reference_grid/career_ai_profile_52_1/speed
ok reference_grid/career_ai_profile_52_1/power
ok reference_grid/career_ai_profile_52_2/id
ok reference_grid/career_ai_profile_52_2/skill
ok reference_grid/career_ai_profile_52_2/speed
ok reference_grid/career_ai_profile_52_2/power
ok reference_grid/career_ai_profile_53_0/id
ok reference_grid/career_ai_profile_53_0/skill
ok reference_grid/career_ai_profile_53_0/speed
ok reference_grid/career_ai_profile_53_0/power
ok reference_grid/career_ai_profile_53_1/id
ok reference_grid/career_ai_profile_53_1/skill
ok reference_grid/career_ai_profile_53_1/speed
ok reference_grid/career_ai_profile_53_1/power
ok reference_grid/career_ai_profile_53_2/id
ok reference_grid/career_ai_profile_53_2/skill
ok reference_grid/career_ai_profile_53_2/speed
ok reference_grid/career_ai_profile_53_2/power
ok reference_grid/career_ai_profile_54_0/id
ok reference_grid/career_ai_profile_54_0/skill
ok reference_grid/career_ai_profile_54_0/speed
ok reference_grid/career_ai_profile_54_0/power
ok reference_grid/career_ai_profile_54_1/id
ok reference_grid/career_ai_profile_54_1/skill
ok reference_grid/career_ai_profile_54_1/speed
ok reference_grid/career_ai_profile_54_1/power
ok reference_grid/career_ai_profile_54_2/id
ok reference_grid/career_ai_profile_54_2/skill
ok reference_grid/career_ai_profile_54_2/speed
ok reference_grid/career_ai_profile_54_2/power
ok reference_grid/career_ai_profile_55_0/id
ok reference_grid/career_ai_profile_55_0/skill
ok reference_grid/career_ai_profile_55_0/speed
ok reference_grid/career_ai_profile_55_0/power
ok reference_grid/career_ai_profile_55_1/id
ok reference_grid/career_ai_profile_55_1/skill
ok reference_grid/career_ai_profile_55_1/speed
ok reference_grid/career_ai_profile_55_1/power
ok reference_grid/career_ai_profile_55_2/id
ok reference_grid/career_ai_profile_55_2/skill
ok reference_grid/career_ai_profile_55_2/speed
ok reference_grid/career_ai_profile_55_2/power
ok reference_grid/career_ai_profile_56_0/id
ok reference_grid/career_ai_profile_56_0/skill
ok reference_grid/career_ai_profile_56_0/speed
ok reference_grid/career_ai_profile_56_0/power
ok reference_grid/career_ai_profile_56_1/id
ok reference_grid/career_ai_profile_56_1/skill
ok reference_grid/career_ai_profile_56_1/speed
ok reference_grid/career_ai_profile_56_1/power
ok reference_grid/career_ai_profile_56_2/id
ok reference_grid/career_ai_profile_56_2/skill
ok reference_grid/career_ai_profile_56_2/speed
ok reference_grid/career_ai_profile_56_2/power
ok reference_grid/career_ai_profile_57_0/id
ok reference_grid/career_ai_profile_57_0/skill
ok reference_grid/career_ai_profile_57_0/speed
ok reference_grid/career_ai_profile_57_0/power
ok reference_grid/career_ai_profile_57_1/id
ok reference_grid/career_ai_profile_57_1/skill
ok reference_grid/career_ai_profile_57_1/speed
ok reference_grid/career_ai_profile_57_1/power
ok reference_grid/career_ai_profile_57_2/id
ok reference_grid/career_ai_profile_57_2/skill
ok reference_grid/career_ai_profile_57_2/speed
ok reference_grid/career_ai_profile_57_2/power
ok reference_grid/career_ai_profile_58_0/id
ok reference_grid/career_ai_profile_58_0/skill
ok reference_grid/career_ai_profile_58_0/speed
ok reference_grid/career_ai_profile_58_0/power
ok reference_grid/career_ai_profile_58_1/id
ok reference_grid/career_ai_profile_58_1/skill
ok reference_grid/career_ai_profile_58_1/speed
ok reference_grid/career_ai_profile_58_1/power
ok reference_grid/career_ai_profile_58_2/id
ok reference_grid/career_ai_profile_58_2/skill
ok reference_grid/career_ai_profile_58_2/speed
ok reference_grid/career_ai_profile_58_2/power
ok reference_grid/career_ai_profile_59_0/id
ok reference_grid/career_ai_profile_59_0/skill
ok reference_grid/career_ai_profile_59_0/speed
ok reference_grid/career_ai_profile_59_0/power
ok reference_grid/career_ai_profile_59_1/id
ok reference_grid/career_ai_profile_59_1/skill
ok reference_grid/career_ai_profile_59_1/speed
ok reference_grid/career_ai_profile_59_1/power
ok reference_grid/career_ai_profile_59_2/id
ok reference_grid/career_ai_profile_59_2/skill
ok reference_grid/career_ai_profile_59_2/speed
ok reference_grid/career_ai_profile_59_2/power
ok reference_grid/career_ai_profile_60_0/id
ok reference_grid/career_ai_profile_60_0/skill
ok reference_grid/career_ai_profile_60_0/speed
ok reference_grid/career_ai_profile_60_0/power
ok reference_grid/career_ai_profile_60_1/id
ok reference_grid/career_ai_profile_60_1/skill
ok reference_grid/career_ai_profile_60_1/speed
ok reference_grid/career_ai_profile_60_1/power
ok reference_grid/career_ai_profile_60_2/id
ok reference_grid/career_ai_profile_60_2/skill
ok reference_grid/career_ai_profile_60_2/speed
ok reference_grid/career_ai_profile_60_2/power
ok reference_grid/career_ai_profile_61_0/id
ok reference_grid/career_ai_profile_61_0/skill
ok reference_grid/career_ai_profile_61_0/speed
ok reference_grid/career_ai_profile_61_0/power
ok reference_grid/career_ai_profile_61_1/id
ok reference_grid/career_ai_profile_61_1/skill
ok reference_grid/career_ai_profile_61_1/speed
ok reference_grid/career_ai_profile_61_1/power
ok reference_grid/career_ai_profile_61_2/id
ok reference_grid/career_ai_profile_61_2/skill
ok reference_grid/career_ai_profile_61_2/speed
ok reference_grid/career_ai_profile_61_2/power
ok reference_grid/career_ai_profile_62_0/id
ok reference_grid/career_ai_profile_62_0/skill
ok reference_grid/career_ai_profile_62_0/speed
ok reference_grid/career_ai_profile_62_0/power
ok reference_grid/career_ai_profile_62_1/id
ok reference_grid/career_ai_profile_62_1/skill
ok reference_grid/career_ai_profile_62_1/speed
ok reference_grid/career_ai_profile_62_1/power
ok reference_grid/career_ai_profile_62_2/id
ok reference_grid/career_ai_profile_62_2/skill
ok reference_grid/career_ai_profile_62_2/speed
ok reference_grid/career_ai_profile_62_2/power
ok reference_grid/career_ai_profile_63_0/id
ok reference_grid/career_ai_profile_63_0/skill
ok reference_grid/career_ai_profile_63_0/speed
ok reference_grid/career_ai_profile_63_0/power
ok reference_grid/career_ai_profile_63_1/id
ok reference_grid/career_ai_profile_63_1/skill
ok reference_grid/career_ai_profile_63_1/speed
ok reference_grid/career_ai_profile_63_1/power
ok reference_grid/career_ai_profile_63_2/id
ok reference_grid/career_ai_profile_63_2/skill
ok reference_grid/career_ai_profile_63_2/speed
ok reference_grid/career_ai_profile_63_2/power
ok reference_grid/career_ai_profile_64_0/id
ok reference_grid/career_ai_profile_64_0/skill
ok reference_grid/career_ai_profile_64_0/speed
ok reference_grid/career_ai_profile_64_0/power
ok reference_grid/career_ai_profile_64_1/id
ok reference_grid/career_ai_profile_64_1/skill
ok reference_grid/career_ai_profile_64_1/speed
ok reference_grid/career_ai_profile_64_1/power
ok reference_grid/career_ai_profile_64_2/id
ok reference_grid/career_ai_profile_64_2/skill
ok reference_grid/career_ai_profile_64_2/speed
ok reference_grid/career_ai_profile_64_2/power
ok reference_grid/career_ai_profile_65_0/id
ok reference_grid/career_ai_profile_65_0/skill
ok reference_grid/career_ai_profile_65_0/speed
ok reference_grid/career_ai_profile_65_0/power
ok reference_grid/career_ai_profile_65_1/id
ok reference_grid/career_ai_profile_65_1/skill
ok reference_grid/career_ai_profile_65_1/speed
ok reference_grid/career_ai_profile_65_1/power
ok reference_grid/career_ai_profile_65_2/id
ok reference_grid/career_ai_profile_65_2/skill
ok reference_grid/career_ai_profile_65_2/speed
ok reference_grid/career_ai_profile_65_2/power
ok reference_grid/career_ai_profile_66_0/id
ok reference_grid/career_ai_profile_66_0/skill
ok reference_grid/career_ai_profile_66_0/speed
ok reference_grid/career_ai_profile_66_0/power
ok reference_grid/career_ai_profile_66_1/id
ok reference_grid/career_ai_profile_66_1/skill
ok reference_grid/career_ai_profile_66_1/speed
ok reference_grid/career_ai_profile_66_1/power
ok reference_grid/career_ai_profile_66_2/id
ok reference_grid/career_ai_profile_66_2/skill
ok reference_grid/career_ai_profile_66_2/speed
ok reference_grid/career_ai_profile_66_2/power
ok reference_grid/career_ai_profile_67_0/id
ok reference_grid/career_ai_profile_67_0/skill
ok reference_grid/career_ai_profile_67_0/speed
ok reference_grid/career_ai_profile_67_0/power
ok reference_grid/career_ai_profile_67_1/id
ok reference_grid/career_ai_profile_67_1/skill
ok reference_grid/career_ai_profile_67_1/speed
ok reference_grid/career_ai_profile_67_1/power
ok reference_grid/career_ai_profile_67_2/id
ok reference_grid/career_ai_profile_67_2/skill
ok reference_grid/career_ai_profile_67_2/speed
ok reference_grid/career_ai_profile_67_2/power
ok reference_grid/career_ai_profile_68_0/id
ok reference_grid/career_ai_profile_68_0/skill
ok reference_grid/career_ai_profile_68_0/speed
ok reference_grid/career_ai_profile_68_0/power
ok reference_grid/career_ai_profile_68_1/id
ok reference_grid/career_ai_profile_68_1/skill
ok reference_grid/career_ai_profile_68_1/speed
ok reference_grid/career_ai_profile_68_1/power
ok reference_grid/career_ai_profile_68_2/id
ok reference_grid/career_ai_profile_68_2/skill
ok reference_grid/career_ai_profile_68_2/speed
ok reference_grid/career_ai_profile_68_2/power
ok reference_grid/career_ai_profile_69_0/id
ok reference_grid/career_ai_profile_69_0/skill
ok reference_grid/career_ai_profile_69_0/speed
ok reference_grid/career_ai_profile_69_0/power
ok reference_grid/career_ai_profile_69_1/id
ok reference_grid/career_ai_profile_69_1/skill
ok reference_grid/career_ai_profile_69_1/speed
ok reference_grid/career_ai_profile_69_1/power
ok reference_grid/career_ai_profile_69_2/id
ok reference_grid/career_ai_profile_69_2/skill
ok reference_grid/career_ai_profile_69_2/speed
ok reference_grid/career_ai_profile_69_2/power
ok reference_grid/career_ai_profile_70_0/id
ok reference_grid/career_ai_profile_70_0/skill
ok reference_grid/career_ai_profile_70_0/speed
ok reference_grid/career_ai_profile_70_0/power
ok reference_grid/career_ai_profile_70_1/id
ok reference_grid/career_ai_profile_70_1/skill
ok reference_grid/career_ai_profile_70_1/speed
ok reference_grid/career_ai_profile_70_1/power
ok reference_grid/career_ai_profile_70_2/id
ok reference_grid/career_ai_profile_70_2/skill
ok reference_grid/career_ai_profile_70_2/speed
ok reference_grid/career_ai_profile_70_2/power
ok reference_grid/career_ai_profile_71_0/id
ok reference_grid/career_ai_profile_71_0/skill
ok reference_grid/career_ai_profile_71_0/speed
ok reference_grid/career_ai_profile_71_0/power
ok reference_grid/career_ai_profile_71_1/id
ok reference_grid/career_ai_profile_71_1/skill
ok reference_grid/career_ai_profile_71_1/speed
ok reference_grid/career_ai_profile_71_1/power
ok reference_grid/career_ai_profile_71_2/id
ok reference_grid/career_ai_profile_71_2/skill
ok reference_grid/career_ai_profile_71_2/speed
ok reference_grid/career_ai_profile_71_2/power
ok reference_grid/career_ai_profile_72_0/id
ok reference_grid/career_ai_profile_72_0/skill
ok reference_grid/career_ai_profile_72_0/speed
ok reference_grid/career_ai_profile_72_0/power
ok reference_grid/career_ai_profile_72_1/id
ok reference_grid/career_ai_profile_72_1/skill
ok reference_grid/career_ai_profile_72_1/speed
ok reference_grid/career_ai_profile_72_1/power
ok reference_grid/career_ai_profile_72_2/id
ok reference_grid/career_ai_profile_72_2/skill
ok reference_grid/career_ai_profile_72_2/speed
ok reference_grid/career_ai_profile_72_2/power
ok reference_grid/career_ai_profile_73_0/id
ok reference_grid/career_ai_profile_73_0/skill
ok reference_grid/career_ai_profile_73_0/speed
ok reference_grid/career_ai_profile_73_0/power
ok reference_grid/career_ai_profile_73_1/id
ok reference_grid/career_ai_profile_73_1/skill
ok reference_grid/career_ai_profile_73_1/speed
ok reference_grid/career_ai_profile_73_1/power
ok reference_grid/career_ai_profile_73_2/id
ok reference_grid/career_ai_profile_73_2/skill
ok reference_grid/career_ai_profile_73_2/speed
ok reference_grid/career_ai_profile_73_2/power
ok reference_grid/career_ai_profile_74_0/id
ok reference_grid/career_ai_profile_74_0/skill
ok reference_grid/career_ai_profile_74_0/speed
ok reference_grid/career_ai_profile_74_0/power
ok reference_grid/career_ai_profile_74_1/id
ok reference_grid/career_ai_profile_74_1/skill
ok reference_grid/career_ai_profile_74_1/speed
ok reference_grid/career_ai_profile_74_1/power
ok reference_grid/career_ai_profile_74_2/id
ok reference_grid/career_ai_profile_74_2/skill
ok reference_grid/career_ai_profile_74_2/speed
ok reference_grid/career_ai_profile_74_2/power
ok reference_grid/career_ai_profile_75_0/id
ok reference_grid/career_ai_profile_75_0/skill
ok reference_grid/career_ai_profile_75_0/speed
ok reference_grid/career_ai_profile_75_0/power
ok reference_grid/career_ai_profile_75_1/id
ok reference_grid/career_ai_profile_75_1/skill
ok reference_grid/career_ai_profile_75_1/speed
ok reference_grid/career_ai_profile_75_1/power
ok reference_grid/career_ai_profile_75_2/id
ok reference_grid/career_ai_profile_75_2/skill
ok reference_grid/career_ai_profile_75_2/speed
ok reference_grid/career_ai_profile_75_2/power
ok reference_grid/career_ai_profile_76_0/id
ok reference_grid/career_ai_profile_76_0/skill
ok reference_grid/career_ai_profile_76_0/speed
ok reference_grid/career_ai_profile_76_0/power
ok reference_grid/career_ai_profile_76_1/id
ok reference_grid/career_ai_profile_76_1/skill
ok reference_grid/career_ai_profile_76_1/speed
ok reference_grid/career_ai_profile_76_1/power
ok reference_grid/career_ai_profile_76_2/id
ok reference_grid/career_ai_profile_76_2/skill
ok reference_grid/career_ai_profile_76_2/speed
ok reference_grid/career_ai_profile_76_2/power
ok reference_grid/career_ai_profile_77_0/id
ok reference_grid/career_ai_profile_77_0/skill
ok reference_grid/career_ai_profile_77_0/speed
ok reference_grid/career_ai_profile_77_0/power
ok reference_grid/career_ai_profile_77_1/id
ok reference_grid/career_ai_profile_77_1/skill
ok reference_grid/career_ai_profile_77_1/speed
ok reference_grid/career_ai_profile_77_1/power
ok reference_grid/career_ai_profile_77_2/id
ok reference_grid/career_ai_profile_77_2/skill
ok reference_grid/career_ai_profile_77_2/speed
ok reference_grid/career_ai_profile_77_2/power
ok reference_grid/career_ai_profile_78_0/id
ok reference_grid/career_ai_profile_78_0/skill
ok reference_grid/career_ai_profile_78_0/speed
ok reference_grid/career_ai_profile_78_0/power
ok reference_grid/career_ai_profile_78_1/id
ok reference_grid/career_ai_profile_78_1/skill
ok reference_grid/career_ai_profile_78_1/speed
ok reference_grid/career_ai_profile_78_1/power
ok reference_grid/career_ai_profile_78_2/id
ok reference_grid/career_ai_profile_78_2/skill
ok reference_grid/career_ai_profile_78_2/speed
ok reference_grid/career_ai_profile_78_2/power
ok reference_grid/career_ai_profile_79_0/id
ok reference_grid/career_ai_profile_79_0/skill
ok reference_grid/career_ai_profile_79_0/speed
ok reference_grid/career_ai_profile_79_0/power
ok reference_grid/career_ai_profile_79_1/id
ok reference_grid/career_ai_profile_79_1/skill
ok reference_grid/career_ai_profile_79_1/speed
ok reference_grid/career_ai_profile_79_1/power
ok reference_grid/career_ai_profile_79_2/id
ok reference_grid/career_ai_profile_79_2/skill
ok reference_grid/career_ai_profile_79_2/speed
ok reference_grid/career_ai_profile_79_2/power
ok reference_grid/career_ai_profile_80_0/id
ok reference_grid/career_ai_profile_80_0/skill
ok reference_grid/career_ai_profile_80_0/speed
ok reference_grid/career_ai_profile_80_0/power
ok reference_grid/career_ai_profile_80_1/id
ok reference_grid/career_ai_profile_80_1/skill
ok reference_grid/career_ai_profile_80_1/speed
ok reference_grid/career_ai_profile_80_1/power
ok reference_grid/career_ai_profile_80_2/id
ok reference_grid/career_ai_profile_80_2/skill
ok reference_grid/career_ai_profile_80_2/speed
ok reference_grid/career_ai_profile_80_2/power
ok reference_grid/career_ai_profile_81_0/id
ok reference_grid/career_ai_profile_81_0/skill
ok reference_grid/career_ai_profile_81_0/speed
ok reference_grid/career_ai_profile_81_0/power
ok reference_grid/career_ai_profile_81_1/id
ok reference_grid/career_ai_profile_81_1/skill
ok reference_grid/career_ai_profile_81_1/speed
ok reference_grid/career_ai_profile_81_1/power
ok reference_grid/career_ai_profile_81_2/id
ok reference_grid/career_ai_profile_81_2/skill
ok reference_grid/career_ai_profile_81_2/speed
ok reference_grid/career_ai_profile_81_2/power
ok reference_grid/career_ai_profile_82_0/id
ok reference_grid/career_ai_profile_82_0/skill
ok reference_grid/career_ai_profile_82_0/speed
ok reference_grid/career_ai_profile_82_0/power
ok reference_grid/career_ai_profile_82_1/id
ok reference_grid/career_ai_profile_82_1/skill
ok reference_grid/career_ai_profile_82_1/speed
ok reference_grid/career_ai_profile_82_1/power
ok reference_grid/career_ai_profile_82_2/id
ok reference_grid/career_ai_profile_82_2/skill
ok reference_grid/career_ai_profile_82_2/speed
ok reference_grid/career_ai_profile_82_2/power
ok reference_grid/career_ai_profile_83_0/id
ok reference_grid/career_ai_profile_83_0/skill
ok reference_grid/career_ai_profile_83_0/speed
ok reference_grid/career_ai_profile_83_0/power
ok reference_grid/career_ai_profile_83_1/id
ok reference_grid/career_ai_profile_83_1/skill
ok reference_grid/career_ai_profile_83_1/speed
ok reference_grid/career_ai_profile_83_1/power
ok reference_grid/career_ai_profile_83_2/id
ok reference_grid/career_ai_profile_83_2/skill
ok reference_grid/career_ai_profile_83_2/speed
ok reference_grid/career_ai_profile_83_2/power
ok reference_grid/career_ai_profile_84_0/id
ok reference_grid/career_ai_profile_84_0/skill
ok reference_grid/career_ai_profile_84_0/speed
ok reference_grid/career_ai_profile_84_0/power
ok reference_grid/career_ai_profile_84_1/id
ok reference_grid/career_ai_profile_84_1/skill
ok reference_grid/career_ai_profile_84_1/speed
ok reference_grid/career_ai_profile_84_1/power
ok reference_grid/career_ai_profile_84_2/id
ok reference_grid/career_ai_profile_84_2/skill
ok reference_grid/career_ai_profile_84_2/speed
ok reference_grid/career_ai_profile_84_2/power
ok reference_grid/career_ai_profile_85_0/id
ok reference_grid/career_ai_profile_85_0/skill
ok reference_grid/career_ai_profile_85_0/speed
ok reference_grid/career_ai_profile_85_0/power
ok reference_grid/career_ai_profile_85_1/id
ok reference_grid/career_ai_profile_85_1/skill
ok reference_grid/career_ai_profile_85_1/speed
ok reference_grid/career_ai_profile_85_1/power
ok reference_grid/career_ai_profile_85_2/id
ok reference_grid/career_ai_profile_85_2/skill
ok reference_grid/career_ai_profile_85_2/speed
ok reference_grid/career_ai_profile_85_2/power
ok reference_grid/career_ai_profile_86_0/id
ok reference_grid/career_ai_profile_86_0/skill
ok reference_grid/career_ai_profile_86_0/speed
ok reference_grid/career_ai_profile_86_0/power
ok reference_grid/career_ai_profile_86_1/id
ok reference_grid/career_ai_profile_86_1/skill
ok reference_grid/career_ai_profile_86_1/speed
ok reference_grid/career_ai_profile_86_1/power
ok reference_grid/career_ai_profile_86_2/id
ok reference_grid/career_ai_profile_86_2/skill
ok reference_grid/career_ai_profile_86_2/speed
ok reference_grid/career_ai_profile_86_2/power
ok reference_grid/career_ai_profile_87_0/id
ok reference_grid/career_ai_profile_87_0/skill
ok reference_grid/career_ai_profile_87_0/speed
ok reference_grid/career_ai_profile_87_0/power
ok reference_grid/career_ai_profile_87_1/id
ok reference_grid/career_ai_profile_87_1/skill
ok reference_grid/career_ai_profile_87_1/speed
ok reference_grid/career_ai_profile_87_1/power
ok reference_grid/career_ai_profile_87_2/id
ok reference_grid/career_ai_profile_87_2/skill
ok reference_grid/career_ai_profile_87_2/speed
ok reference_grid/career_ai_profile_87_2/power
ok reference_grid/career_ai_profile_88_0/id
ok reference_grid/career_ai_profile_88_0/skill
ok reference_grid/career_ai_profile_88_0/speed
ok reference_grid/career_ai_profile_88_0/power
ok reference_grid/career_ai_profile_88_1/id
ok reference_grid/career_ai_profile_88_1/skill
ok reference_grid/career_ai_profile_88_1/speed
ok reference_grid/career_ai_profile_88_1/power
ok reference_grid/career_ai_profile_88_2/id
ok reference_grid/career_ai_profile_88_2/skill
ok reference_grid/career_ai_profile_88_2/speed
ok reference_grid/career_ai_profile_88_2/power
ok reference_grid/career_ai_profile_89_0/id
ok reference_grid/career_ai_profile_89_0/skill
ok reference_grid/career_ai_profile_89_0/speed
ok reference_grid/career_ai_profile_89_0/power
ok reference_grid/career_ai_profile_89_1/id
ok reference_grid/career_ai_profile_89_1/skill
ok reference_grid/career_ai_profile_89_1/speed
ok reference_grid/career_ai_profile_89_1/power
ok reference_grid/career_ai_profile_89_2/id
ok reference_grid/career_ai_profile_89_2/skill
ok reference_grid/career_ai_profile_89_2/speed
ok reference_grid/career_ai_profile_89_2/power
ok reference_grid/career_ai_profile_90_0/id
ok reference_grid/career_ai_profile_90_0/skill
ok reference_grid/career_ai_profile_90_0/speed
ok reference_grid/career_ai_profile_90_0/power
ok reference_grid/career_ai_profile_90_1/id
ok reference_grid/career_ai_profile_90_1/skill
ok reference_grid/career_ai_profile_90_1/speed
ok reference_grid/career_ai_profile_90_1/power
ok reference_grid/career_ai_profile_90_2/id
ok reference_grid/career_ai_profile_90_2/skill
ok reference_grid/career_ai_profile_90_2/speed
ok reference_grid/career_ai_profile_90_2/power
ok reference_grid/career_ai_profile_91_0/id
ok reference_grid/career_ai_profile_91_0/skill
ok reference_grid/career_ai_profile_91_0/speed
ok reference_grid/career_ai_profile_91_0/power
ok reference_grid/career_ai_profile_91_1/id
ok reference_grid/career_ai_profile_91_1/skill
ok reference_grid/career_ai_profile_91_1/speed
ok reference_grid/career_ai_profile_91_1/power
ok reference_grid/career_ai_profile_91_2/id
ok reference_grid/career_ai_profile_91_2/skill
ok reference_grid/career_ai_profile_91_2/speed
ok reference_grid/career_ai_profile_91_2/power
ok reference_grid/career_ai_profile_92_0/id
ok reference_grid/career_ai_profile_92_0/skill
ok reference_grid/career_ai_profile_92_0/speed
ok reference_grid/career_ai_profile_92_0/power
ok reference_grid/career_ai_profile_92_1/id
ok reference_grid/career_ai_profile_92_1/skill
ok reference_grid/career_ai_profile_92_1/speed
ok reference_grid/career_ai_profile_92_1/power
ok reference_grid/career_ai_profile_92_2/id
ok reference_grid/career_ai_profile_92_2/skill
ok reference_grid/career_ai_profile_92_2/speed
ok reference_grid/career_ai_profile_92_2/power
ok reference_grid/career_ai_profile_93_0/id
ok reference_grid/career_ai_profile_93_0/skill
ok reference_grid/career_ai_profile_93_0/speed
ok reference_grid/career_ai_profile_93_0/power
ok reference_grid/career_ai_profile_93_1/id
ok reference_grid/career_ai_profile_93_1/skill
ok reference_grid/career_ai_profile_93_1/speed
ok reference_grid/career_ai_profile_93_1/power
ok reference_grid/career_ai_profile_93_2/id
ok reference_grid/career_ai_profile_93_2/skill
ok reference_grid/career_ai_profile_93_2/speed
ok reference_grid/career_ai_profile_93_2/power
ok reference_grid/career_ai_profile_94_0/id
ok reference_grid/career_ai_profile_94_0/skill
ok reference_grid/career_ai_profile_94_0/speed
ok reference_grid/career_ai_profile_94_0/power
ok reference_grid/career_ai_profile_94_1/id
ok reference_grid/career_ai_profile_94_1/skill
ok reference_grid/career_ai_profile_94_1/speed
ok reference_grid/career_ai_profile_94_1/power
ok reference_grid/career_ai_profile_94_2/id
ok reference_grid/career_ai_profile_94_2/skill
ok reference_grid/career_ai_profile_94_2/speed
ok reference_grid/career_ai_profile_94_2/power
ok reference_grid/career_ai_profile_95_0/id
ok reference_grid/career_ai_profile_95_0/skill
ok reference_grid/career_ai_profile_95_0/speed
ok reference_grid/career_ai_profile_95_0/power
ok reference_grid/career_ai_profile_95_1/id
ok reference_grid/career_ai_profile_95_1/skill
ok reference_grid/career_ai_profile_95_1/speed
ok reference_grid/career_ai_profile_95_1/power
ok reference_grid/career_ai_profile_95_2/id
ok reference_grid/career_ai_profile_95_2/skill
ok reference_grid/career_ai_profile_95_2/speed
ok reference_grid/career_ai_profile_95_2/power
ok reference_grid/career_ai_profile_96_0/id
ok reference_grid/career_ai_profile_96_0/skill
ok reference_grid/career_ai_profile_96_0/speed
ok reference_grid/career_ai_profile_96_0/power
ok reference_grid/career_ai_profile_96_1/id
ok reference_grid/career_ai_profile_96_1/skill
ok reference_grid/career_ai_profile_96_1/speed
ok reference_grid/career_ai_profile_96_1/power
ok reference_grid/career_ai_profile_96_2/id
ok reference_grid/career_ai_profile_96_2/skill
ok reference_grid/career_ai_profile_96_2/speed
ok reference_grid/career_ai_profile_96_2/power
ok reference_grid/career_ai_profile_97_0/id
ok reference_grid/career_ai_profile_97_0/skill
ok reference_grid/career_ai_profile_97_0/speed
ok reference_grid/career_ai_profile_97_0/power
ok reference_grid/career_ai_profile_97_1/id
ok reference_grid/career_ai_profile_97_1/skill
ok reference_grid/career_ai_profile_97_1/speed
ok reference_grid/career_ai_profile_97_1/power
ok reference_grid/career_ai_profile_97_2/id
ok reference_grid/career_ai_profile_97_2/skill
ok reference_grid/career_ai_profile_97_2/speed
ok reference_grid/career_ai_profile_97_2/power
ok reference_grid/career_ai_profile_98_0/id
ok reference_grid/career_ai_profile_98_0/skill
ok reference_grid/career_ai_profile_98_0/speed
ok reference_grid/career_ai_profile_98_0/power
ok reference_grid/career_ai_profile_98_1/id
ok reference_grid/career_ai_profile_98_1/skill
ok reference_grid/career_ai_profile_98_1/speed
ok reference_grid/career_ai_profile_98_1/power
ok reference_grid/career_ai_profile_98_2/id
ok reference_grid/career_ai_profile_98_2/skill
ok reference_grid/career_ai_profile_98_2/speed
ok reference_grid/career_ai_profile_98_2/power
ok reference_grid/career_ai_profile_99_0/id
ok reference_grid/career_ai_profile_99_0/skill
ok reference_grid/career_ai_profile_99_0/speed
ok reference_grid/career_ai_profile_99_0/power
ok reference_grid/career_ai_profile_99_1/id
ok reference_grid/career_ai_profile_99_1/skill
ok reference_grid/career_ai_profile_99_1/speed
ok reference_grid/career_ai_profile_99_1/power
ok reference_grid/career_ai_profile_99_2/id
ok reference_grid/career_ai_profile_99_2/skill
ok reference_grid/career_ai_profile_99_2/speed
ok reference_grid/career_ai_profile_99_2/power
ok reference_grid/career_ai_profile_100_0/id
ok reference_grid/career_ai_profile_100_0/skill
ok reference_grid/career_ai_profile_100_0/speed
ok reference_grid/career_ai_profile_100_0/power
ok reference_grid/career_ai_profile_100_1/id
ok reference_grid/career_ai_profile_100_1/skill
ok reference_grid/career_ai_profile_100_1/speed
ok reference_grid/career_ai_profile_100_1/power
ok reference_grid/career_ai_profile_100_2/id
ok reference_grid/career_ai_profile_100_2/skill
ok reference_grid/career_ai_profile_100_2/speed
ok reference_grid/career_ai_profile_100_2/power
ok reference_grid/career_ai_profile_101_0/id
ok reference_grid/career_ai_profile_101_0/skill
ok reference_grid/career_ai_profile_101_0/speed
ok reference_grid/career_ai_profile_101_0/power
ok reference_grid/career_ai_profile_101_1/id
ok reference_grid/career_ai_profile_101_1/skill
ok reference_grid/career_ai_profile_101_1/speed
ok reference_grid/career_ai_profile_101_1/power
ok reference_grid/career_ai_profile_101_2/id
ok reference_grid/career_ai_profile_101_2/skill
ok reference_grid/career_ai_profile_101_2/speed
ok reference_grid/career_ai_profile_101_2/power
ok reference_grid/career_ai_profile_102_0/id
ok reference_grid/career_ai_profile_102_0/skill
ok reference_grid/career_ai_profile_102_0/speed
ok reference_grid/career_ai_profile_102_0/power
ok reference_grid/career_ai_profile_102_1/id
ok reference_grid/career_ai_profile_102_1/skill
ok reference_grid/career_ai_profile_102_1/speed
ok reference_grid/career_ai_profile_102_1/power
ok reference_grid/career_ai_profile_102_2/id
ok reference_grid/career_ai_profile_102_2/skill
ok reference_grid/career_ai_profile_102_2/speed
ok reference_grid/career_ai_profile_102_2/power
ok reference_grid/career_ai_profile_103_0/id
ok reference_grid/career_ai_profile_103_0/skill
ok reference_grid/career_ai_profile_103_0/speed
ok reference_grid/career_ai_profile_103_0/power
ok reference_grid/career_ai_profile_103_1/id
ok reference_grid/career_ai_profile_103_1/skill
ok reference_grid/career_ai_profile_103_1/speed
ok reference_grid/career_ai_profile_103_1/power
ok reference_grid/career_ai_profile_103_2/id
ok reference_grid/career_ai_profile_103_2/skill
ok reference_grid/career_ai_profile_103_2/speed
ok reference_grid/career_ai_profile_103_2/power
ok reference_grid/career_ai_profile_104_0/id
ok reference_grid/career_ai_profile_104_0/skill
ok reference_grid/career_ai_profile_104_0/speed
ok reference_grid/career_ai_profile_104_0/power
ok reference_grid/career_ai_profile_104_1/id
ok reference_grid/career_ai_profile_104_1/skill
ok reference_grid/career_ai_profile_104_1/speed
ok reference_grid/career_ai_profile_104_1/power
ok reference_grid/career_ai_profile_104_2/id
ok reference_grid/career_ai_profile_104_2/skill
ok reference_grid/career_ai_profile_104_2/speed
ok reference_grid/career_ai_profile_104_2/power
ok reference_grid/career_ai_profile_105_0/id
ok reference_grid/career_ai_profile_105_0/skill
ok reference_grid/career_ai_profile_105_0/speed
ok reference_grid/career_ai_profile_105_0/power
ok reference_grid/career_ai_profile_105_1/id
ok reference_grid/career_ai_profile_105_1/skill
ok reference_grid/career_ai_profile_105_1/speed
ok reference_grid/career_ai_profile_105_1/power
ok reference_grid/career_ai_profile_105_2/id
ok reference_grid/career_ai_profile_105_2/skill
ok reference_grid/career_ai_profile_105_2/speed
ok reference_grid/career_ai_profile_105_2/power
ok reference_grid/career_ai_profile_106_0/id
ok reference_grid/career_ai_profile_106_0/skill
ok reference_grid/career_ai_profile_106_0/speed
ok reference_grid/career_ai_profile_106_0/power
ok reference_grid/career_ai_profile_106_1/id
ok reference_grid/career_ai_profile_106_1/skill
ok reference_grid/career_ai_profile_106_1/speed
ok reference_grid/career_ai_profile_106_1/power
ok reference_grid/career_ai_profile_106_2/id
ok reference_grid/career_ai_profile_106_2/skill
ok reference_grid/career_ai_profile_106_2/speed
ok reference_grid/career_ai_profile_106_2/power
ok reference_grid/career_ai_profile_107_0/id
ok reference_grid/career_ai_profile_107_0/skill
ok reference_grid/career_ai_profile_107_0/speed
ok reference_grid/career_ai_profile_107_0/power
ok reference_grid/career_ai_profile_107_1/id
ok reference_grid/career_ai_profile_107_1/skill
ok reference_grid/career_ai_profile_107_1/speed
ok reference_grid/career_ai_profile_107_1/power
ok reference_grid/career_ai_profile_107_2/id
ok reference_grid/career_ai_profile_107_2/skill
ok reference_grid/career_ai_profile_107_2/speed
ok reference_grid/career_ai_profile_107_2/power
ok reference_grid/career_ai_profile_108_0/id
ok reference_grid/career_ai_profile_108_0/skill
ok reference_grid/career_ai_profile_108_0/speed
ok reference_grid/career_ai_profile_108_0/power
ok reference_grid/career_ai_profile_108_1/id
ok reference_grid/career_ai_profile_108_1/skill
ok reference_grid/career_ai_profile_108_1/speed
ok reference_grid/career_ai_profile_108_1/power
ok reference_grid/career_ai_profile_108_2/id
ok reference_grid/career_ai_profile_108_2/skill
ok reference_grid/career_ai_profile_108_2/speed
ok reference_grid/career_ai_profile_108_2/power
ok reference_grid/career_ai_profile_109_0/id
ok reference_grid/career_ai_profile_109_0/skill
ok reference_grid/career_ai_profile_109_0/speed
ok reference_grid/career_ai_profile_109_0/power
ok reference_grid/career_ai_profile_109_1/id
ok reference_grid/career_ai_profile_109_1/skill
ok reference_grid/career_ai_profile_109_1/speed
ok reference_grid/career_ai_profile_109_1/power
ok reference_grid/career_ai_profile_109_2/id
ok reference_grid/career_ai_profile_109_2/skill
ok reference_grid/career_ai_profile_109_2/speed
ok reference_grid/career_ai_profile_109_2/power
ok reference_grid/career_ai_profile_110_0/id
ok reference_grid/career_ai_profile_110_0/skill
ok reference_grid/career_ai_profile_110_0/speed
ok reference_grid/career_ai_profile_110_0/power
ok reference_grid/career_ai_profile_110_1/id
ok reference_grid/career_ai_profile_110_1/skill
ok reference_grid/career_ai_profile_110_1/speed
ok reference_grid/career_ai_profile_110_1/power
ok reference_grid/career_ai_profile_110_2/id
ok reference_grid/career_ai_profile_110_2/skill
ok reference_grid/career_ai_profile_110_2/speed
ok reference_grid/career_ai_profile_110_2/power
ok reference_grid/career_ai_profile_111_0/id
ok reference_grid/career_ai_profile_111_0/skill
ok reference_grid/career_ai_profile_111_0/speed
ok reference_grid/career_ai_profile_111_0/power
ok reference_grid/career_ai_profile_111_1/id
ok reference_grid/career_ai_profile_111_1/skill
ok reference_grid/career_ai_profile_111_1/speed
ok reference_grid/career_ai_profile_111_1/power
ok reference_grid/career_ai_profile_111_2/id
ok reference_grid/career_ai_profile_111_2/skill
ok reference_grid/career_ai_profile_111_2/speed
ok reference_grid/career_ai_profile_111_2/power
ok reference_grid/career_ai_profile_112_0/id
ok reference_grid/career_ai_profile_112_0/skill
ok reference_grid/career_ai_profile_112_0/speed
ok reference_grid/career_ai_profile_112_0/power
ok reference_grid/career_ai_profile_112_1/id
ok reference_grid/career_ai_profile_112_1/skill
ok reference_grid/career_ai_profile_112_1/speed
ok reference_grid/career_ai_profile_112_1/power
ok reference_grid/career_ai_profile_112_2/id
ok reference_grid/career_ai_profile_112_2/skill
ok reference_grid/career_ai_profile_112_2/speed
ok reference_grid/career_ai_profile_112_2/power
ok reference_grid/career_ai_profile_113_0/id
ok reference_grid/career_ai_profile_113_0/skill
ok reference_grid/career_ai_profile_113_0/speed
ok reference_grid/career_ai_profile_113_0/power
ok reference_grid/career_ai_profile_113_1/id
ok reference_grid/career_ai_profile_113_1/skill
ok reference_grid/career_ai_profile_113_1/speed
ok reference_grid/career_ai_profile_113_1/power
ok reference_grid/career_ai_profile_113_2/id
ok reference_grid/career_ai_profile_113_2/skill
ok reference_grid/career_ai_profile_113_2/speed
ok reference_grid/career_ai_profile_113_2/power
ok reference_grid/career_ai_profile_114_0/id
ok reference_grid/career_ai_profile_114_0/skill
ok reference_grid/career_ai_profile_114_0/speed
ok reference_grid/career_ai_profile_114_0/power
ok reference_grid/career_ai_profile_114_1/id
ok reference_grid/career_ai_profile_114_1/skill
ok reference_grid/career_ai_profile_114_1/speed
ok reference_grid/career_ai_profile_114_1/power
ok reference_grid/career_ai_profile_114_2/id
ok reference_grid/career_ai_profile_114_2/skill
ok reference_grid/career_ai_profile_114_2/speed
ok reference_grid/career_ai_profile_114_2/power
ok reference_grid/career_ai_profile_115_0/id
ok reference_grid/career_ai_profile_115_0/skill
ok reference_grid/career_ai_profile_115_0/speed
ok reference_grid/career_ai_profile_115_0/power
ok reference_grid/career_ai_profile_115_1/id
ok reference_grid/career_ai_profile_115_1/skill
ok reference_grid/career_ai_profile_115_1/speed
ok reference_grid/career_ai_profile_115_1/power
ok reference_grid/career_ai_profile_115_2/id
ok reference_grid/career_ai_profile_115_2/skill
ok reference_grid/career_ai_profile_115_2/speed
ok reference_grid/career_ai_profile_115_2/power
ok reference_grid/career_ai_profile_116_0/id
ok reference_grid/career_ai_profile_116_0/skill
ok reference_grid/career_ai_profile_116_0/speed
ok reference_grid/career_ai_profile_116_0/power
ok reference_grid/career_ai_profile_116_1/id
ok reference_grid/career_ai_profile_116_1/skill
ok reference_grid/career_ai_profile_116_1/speed
ok reference_grid/career_ai_profile_116_1/power
ok reference_grid/career_ai_profile_116_2/id
ok reference_grid/career_ai_profile_116_2/skill
ok reference_grid/career_ai_profile_116_2/speed
ok reference_grid/career_ai_profile_116_2/power
ok reference_grid/career_ai_profile_117_0/id
ok reference_grid/career_ai_profile_117_0/skill
ok reference_grid/career_ai_profile_117_0/speed
ok reference_grid/career_ai_profile_117_0/power
ok reference_grid/career_ai_profile_117_1/id
ok reference_grid/career_ai_profile_117_1/skill
ok reference_grid/career_ai_profile_117_1/speed
ok reference_grid/career_ai_profile_117_1/power
ok reference_grid/career_ai_profile_117_2/id
ok reference_grid/career_ai_profile_117_2/skill
ok reference_grid/career_ai_profile_117_2/speed
ok reference_grid/career_ai_profile_117_2/power
ok reference_grid/career_ai_profile_118_0/id
ok reference_grid/career_ai_profile_118_0/skill
ok reference_grid/career_ai_profile_118_0/speed
ok reference_grid/career_ai_profile_118_0/power
ok reference_grid/career_ai_profile_118_1/id
ok reference_grid/career_ai_profile_118_1/skill
ok reference_grid/career_ai_profile_118_1/speed
ok reference_grid/career_ai_profile_118_1/power
ok reference_grid/career_ai_profile_118_2/id
ok reference_grid/career_ai_profile_118_2/skill
ok reference_grid/career_ai_profile_118_2/speed
ok reference_grid/career_ai_profile_118_2/power
ok reference_grid/career_ai_profile_119_0/id
ok reference_grid/career_ai_profile_119_0/skill
ok reference_grid/career_ai_profile_119_0/speed
ok reference_grid/career_ai_profile_119_0/power
ok reference_grid/career_ai_profile_119_1/id
ok reference_grid/career_ai_profile_119_1/skill
ok reference_grid/career_ai_profile_119_1/speed
ok reference_grid/career_ai_profile_119_1/power
ok reference_grid/career_ai_profile_119_2/id
ok reference_grid/career_ai_profile_119_2/skill
ok reference_grid/career_ai_profile_119_2/speed
ok reference_grid/career_ai_profile_119_2/power
ok reference_grid/career_ai_profile_120_0/id
ok reference_grid/career_ai_profile_120_0/skill
ok reference_grid/career_ai_profile_120_0/speed
ok reference_grid/career_ai_profile_120_0/power
ok reference_grid/career_ai_profile_120_1/id
ok reference_grid/career_ai_profile_120_1/skill
ok reference_grid/career_ai_profile_120_1/speed
ok reference_grid/career_ai_profile_120_1/power
ok reference_grid/career_ai_profile_120_2/id
ok reference_grid/career_ai_profile_120_2/skill
ok reference_grid/career_ai_profile_120_2/speed
ok reference_grid/career_ai_profile_120_2/power
ok reference_grid/career_ai_profile_121_0/id
ok reference_grid/career_ai_profile_121_0/skill
ok reference_grid/career_ai_profile_121_0/speed
ok reference_grid/career_ai_profile_121_0/power
ok reference_grid/career_ai_profile_121_1/id
ok reference_grid/career_ai_profile_121_1/skill
ok reference_grid/career_ai_profile_121_1/speed
ok reference_grid/career_ai_profile_121_1/power
ok reference_grid/career_ai_profile_121_2/id
ok reference_grid/career_ai_profile_121_2/skill
ok reference_grid/career_ai_profile_121_2/speed
ok reference_grid/career_ai_profile_121_2/power
ok reference_grid/career_fixture_1_0_pool0/arena
ok reference_grid/career_fixture_1_0_pool0/rival
ok reference_grid/career_fixture_1_0_pool1/arena
ok reference_grid/career_fixture_1_0_pool1/rival
ok reference_grid/career_fixture_1_0_pool2/arena
ok reference_grid/career_fixture_1_0_pool2/rival
ok reference_grid/career_fixture_1_0_pool3/arena
ok reference_grid/career_fixture_1_0_pool3/rival
ok reference_grid/career_fixture_1_0_pool4/arena
ok reference_grid/career_fixture_1_0_pool4/rival
ok reference_grid/career_fixture_1_0_pool9/arena
ok reference_grid/career_fixture_1_0_pool9/rival
ok reference_grid/career_fixture_1_1_pool0/arena
ok reference_grid/career_fixture_1_1_pool0/rival
ok reference_grid/career_fixture_1_1_pool1/arena
ok reference_grid/career_fixture_1_1_pool1/rival
ok reference_grid/career_fixture_1_1_pool2/arena
ok reference_grid/career_fixture_1_1_pool2/rival
ok reference_grid/career_fixture_1_1_pool3/arena
ok reference_grid/career_fixture_1_1_pool3/rival
ok reference_grid/career_fixture_1_1_pool4/arena
ok reference_grid/career_fixture_1_1_pool4/rival
ok reference_grid/career_fixture_1_1_pool9/arena
ok reference_grid/career_fixture_1_1_pool9/rival
ok reference_grid/career_fixture_1_2_pool0/arena
ok reference_grid/career_fixture_1_2_pool0/rival
ok reference_grid/career_fixture_1_2_pool1/arena
ok reference_grid/career_fixture_1_2_pool1/rival
ok reference_grid/career_fixture_1_2_pool2/arena
ok reference_grid/career_fixture_1_2_pool2/rival
ok reference_grid/career_fixture_1_2_pool3/arena
ok reference_grid/career_fixture_1_2_pool3/rival
ok reference_grid/career_fixture_1_2_pool4/arena
ok reference_grid/career_fixture_1_2_pool4/rival
ok reference_grid/career_fixture_1_2_pool9/arena
ok reference_grid/career_fixture_1_2_pool9/rival
ok reference_grid/career_fixture_2_0_pool0/arena
ok reference_grid/career_fixture_2_0_pool0/rival
ok reference_grid/career_fixture_2_0_pool1/arena
ok reference_grid/career_fixture_2_0_pool1/rival
ok reference_grid/career_fixture_2_0_pool2/arena
ok reference_grid/career_fixture_2_0_pool2/rival
ok reference_grid/career_fixture_2_0_pool3/arena
ok reference_grid/career_fixture_2_0_pool3/rival
ok reference_grid/career_fixture_2_0_pool4/arena
ok reference_grid/career_fixture_2_0_pool4/rival
ok reference_grid/career_fixture_2_0_pool9/arena
ok reference_grid/career_fixture_2_0_pool9/rival
ok reference_grid/career_fixture_2_1_pool0/arena
ok reference_grid/career_fixture_2_1_pool0/rival
ok reference_grid/career_fixture_2_1_pool1/arena
ok reference_grid/career_fixture_2_1_pool1/rival
ok reference_grid/career_fixture_2_1_pool2/arena
ok reference_grid/career_fixture_2_1_pool2/rival
ok reference_grid/career_fixture_2_1_pool3/arena
ok reference_grid/career_fixture_2_1_pool3/rival
ok reference_grid/career_fixture_2_1_pool4/arena
ok reference_grid/career_fixture_2_1_pool4/rival
ok reference_grid/career_fixture_2_1_pool9/arena
ok reference_grid/career_fixture_2_1_pool9/rival
ok reference_grid/career_fixture_2_2_pool0/arena
ok reference_grid/career_fixture_2_2_pool0/rival
ok reference_grid/career_fixture_2_2_pool1/arena
ok reference_grid/career_fixture_2_2_pool1/rival
ok reference_grid/career_fixture_2_2_pool2/arena
ok reference_grid/career_fixture_2_2_pool2/rival
ok reference_grid/career_fixture_2_2_pool3/arena
ok reference_grid/career_fixture_2_2_pool3/rival
ok reference_grid/career_fixture_2_2_pool4/arena
ok reference_grid/career_fixture_2_2_pool4/rival
ok reference_grid/career_fixture_2_2_pool9/arena
ok reference_grid/career_fixture_2_2_pool9/rival
ok reference_grid/career_fixture_3_0_pool0/arena
ok reference_grid/career_fixture_3_0_pool0/rival
ok reference_grid/career_fixture_3_0_pool1/arena
ok reference_grid/career_fixture_3_0_pool1/rival
ok reference_grid/career_fixture_3_0_pool2/arena
ok reference_grid/career_fixture_3_0_pool2/rival
ok reference_grid/career_fixture_3_0_pool3/arena
ok reference_grid/career_fixture_3_0_pool3/rival
ok reference_grid/career_fixture_3_0_pool4/arena
ok reference_grid/career_fixture_3_0_pool4/rival
ok reference_grid/career_fixture_3_0_pool9/arena
ok reference_grid/career_fixture_3_0_pool9/rival
ok reference_grid/career_fixture_3_1_pool0/arena
ok reference_grid/career_fixture_3_1_pool0/rival
ok reference_grid/career_fixture_3_1_pool1/arena
ok reference_grid/career_fixture_3_1_pool1/rival
ok reference_grid/career_fixture_3_1_pool2/arena
ok reference_grid/career_fixture_3_1_pool2/rival
ok reference_grid/career_fixture_3_1_pool3/arena
ok reference_grid/career_fixture_3_1_pool3/rival
ok reference_grid/career_fixture_3_1_pool4/arena
ok reference_grid/career_fixture_3_1_pool4/rival
ok reference_grid/career_fixture_3_1_pool9/arena
ok reference_grid/career_fixture_3_1_pool9/rival
ok reference_grid/career_fixture_3_2_pool0/arena
ok reference_grid/career_fixture_3_2_pool0/rival
ok reference_grid/career_fixture_3_2_pool1/arena
ok reference_grid/career_fixture_3_2_pool1/rival
ok reference_grid/career_fixture_3_2_pool2/arena
ok reference_grid/career_fixture_3_2_pool2/rival
ok reference_grid/career_fixture_3_2_pool3/arena
ok reference_grid/career_fixture_3_2_pool3/rival
ok reference_grid/career_fixture_3_2_pool4/arena
ok reference_grid/career_fixture_3_2_pool4/rival
ok reference_grid/career_fixture_3_2_pool9/arena
ok reference_grid/career_fixture_3_2_pool9/rival
ok reference_grid/career_fixture_4_0_pool0/arena
ok reference_grid/career_fixture_4_0_pool0/rival
ok reference_grid/career_fixture_4_0_pool1/arena
ok reference_grid/career_fixture_4_0_pool1/rival
ok reference_grid/career_fixture_4_0_pool2/arena
ok reference_grid/career_fixture_4_0_pool2/rival
ok reference_grid/career_fixture_4_0_pool3/arena
ok reference_grid/career_fixture_4_0_pool3/rival
ok reference_grid/career_fixture_4_0_pool4/arena
ok reference_grid/career_fixture_4_0_pool4/rival
ok reference_grid/career_fixture_4_0_pool9/arena
ok reference_grid/career_fixture_4_0_pool9/rival
ok reference_grid/career_fixture_4_1_pool0/arena
ok reference_grid/career_fixture_4_1_pool0/rival
ok reference_grid/career_fixture_4_1_pool1/arena
ok reference_grid/career_fixture_4_1_pool1/rival
ok reference_grid/career_fixture_4_1_pool2/arena
ok reference_grid/career_fixture_4_1_pool2/rival
ok reference_grid/career_fixture_4_1_pool3/arena
ok reference_grid/career_fixture_4_1_pool3/rival
ok reference_grid/career_fixture_4_1_pool4/arena
ok reference_grid/career_fixture_4_1_pool4/rival
ok reference_grid/career_fixture_4_1_pool9/arena
ok reference_grid/career_fixture_4_1_pool9/rival
ok reference_grid/career_fixture_4_2_pool0/arena
ok reference_grid/career_fixture_4_2_pool0/rival
ok reference_grid/career_fixture_4_2_pool1/arena
ok reference_grid/career_fixture_4_2_pool1/rival
ok reference_grid/career_fixture_4_2_pool2/arena
ok reference_grid/career_fixture_4_2_pool2/rival
ok reference_grid/career_fixture_4_2_pool3/arena
ok reference_grid/career_fixture_4_2_pool3/rival
ok reference_grid/career_fixture_4_2_pool4/arena
ok reference_grid/career_fixture_4_2_pool4/rival
ok reference_grid/career_fixture_4_2_pool9/arena
ok reference_grid/career_fixture_4_2_pool9/rival
ok reference_grid/career_fixture_5_0_pool0/arena
ok reference_grid/career_fixture_5_0_pool0/rival
ok reference_grid/career_fixture_5_0_pool1/arena
ok reference_grid/career_fixture_5_0_pool1/rival
ok reference_grid/career_fixture_5_0_pool2/arena
ok reference_grid/career_fixture_5_0_pool2/rival
ok reference_grid/career_fixture_5_0_pool3/arena
ok reference_grid/career_fixture_5_0_pool3/rival
ok reference_grid/career_fixture_5_0_pool4/arena
ok reference_grid/career_fixture_5_0_pool4/rival
ok reference_grid/career_fixture_5_0_pool9/arena
ok reference_grid/career_fixture_5_0_pool9/rival
ok reference_grid/career_fixture_5_1_pool0/arena
ok reference_grid/career_fixture_5_1_pool0/rival
ok reference_grid/career_fixture_5_1_pool1/arena
ok reference_grid/career_fixture_5_1_pool1/rival
ok reference_grid/career_fixture_5_1_pool2/arena
ok reference_grid/career_fixture_5_1_pool2/rival
ok reference_grid/career_fixture_5_1_pool3/arena
ok reference_grid/career_fixture_5_1_pool3/rival
ok reference_grid/career_fixture_5_1_pool4/arena
ok reference_grid/career_fixture_5_1_pool4/rival
ok reference_grid/career_fixture_5_1_pool9/arena
ok reference_grid/career_fixture_5_1_pool9/rival
ok reference_grid/career_fixture_5_2_pool0/arena
ok reference_grid/career_fixture_5_2_pool0/rival
ok reference_grid/career_fixture_5_2_pool1/arena
ok reference_grid/career_fixture_5_2_pool1/rival
ok reference_grid/career_fixture_5_2_pool2/arena
ok reference_grid/career_fixture_5_2_pool2/rival
ok reference_grid/career_fixture_5_2_pool3/arena
ok reference_grid/career_fixture_5_2_pool3/rival
ok reference_grid/career_fixture_5_2_pool4/arena
ok reference_grid/career_fixture_5_2_pool4/rival
ok reference_grid/career_fixture_5_2_pool9/arena
ok reference_grid/career_fixture_5_2_pool9/rival
ok reference_grid/career_fixture_6_0_pool0/arena
ok reference_grid/career_fixture_6_0_pool0/rival
ok reference_grid/career_fixture_6_0_pool1/arena
ok reference_grid/career_fixture_6_0_pool1/rival
ok reference_grid/career_fixture_6_0_pool2/arena
ok reference_grid/career_fixture_6_0_pool2/rival
ok reference_grid/career_fixture_6_0_pool3/arena
ok reference_grid/career_fixture_6_0_pool3/rival
ok reference_grid/career_fixture_6_0_pool4/arena
ok reference_grid/career_fixture_6_0_pool4/rival
ok reference_grid/career_fixture_6_0_pool9/arena
ok reference_grid/career_fixture_6_0_pool9/rival
ok reference_grid/career_fixture_6_1_pool0/arena
ok reference_grid/career_fixture_6_1_pool0/rival
ok reference_grid/career_fixture_6_1_pool1/arena
ok reference_grid/career_fixture_6_1_pool1/rival
ok reference_grid/career_fixture_6_1_pool2/arena
ok reference_grid/career_fixture_6_1_pool2/rival
ok reference_grid/career_fixture_6_1_pool3/arena
ok reference_grid/career_fixture_6_1_pool3/rival
ok reference_grid/career_fixture_6_1_pool4/arena
ok reference_grid/career_fixture_6_1_pool4/rival
ok reference_grid/career_fixture_6_1_pool9/arena
ok reference_grid/career_fixture_6_1_pool9/rival
ok reference_grid/career_fixture_6_2_pool0/arena
ok reference_grid/career_fixture_6_2_pool0/rival
ok reference_grid/career_fixture_6_2_pool1/arena
ok reference_grid/career_fixture_6_2_pool1/rival
ok reference_grid/career_fixture_6_2_pool2/arena
ok reference_grid/career_fixture_6_2_pool2/rival
ok reference_grid/career_fixture_6_2_pool3/arena
ok reference_grid/career_fixture_6_2_pool3/rival
ok reference_grid/career_fixture_6_2_pool4/arena
ok reference_grid/career_fixture_6_2_pool4/rival
ok reference_grid/career_fixture_6_2_pool9/arena
ok reference_grid/career_fixture_6_2_pool9/rival
ok reference_grid/career_fixture_7_0_pool0/arena
ok reference_grid/career_fixture_7_0_pool0/rival
ok reference_grid/career_fixture_7_0_pool1/arena
ok reference_grid/career_fixture_7_0_pool1/rival
ok reference_grid/career_fixture_7_0_pool2/arena
ok reference_grid/career_fixture_7_0_pool2/rival
ok reference_grid/career_fixture_7_0_pool3/arena
ok reference_grid/career_fixture_7_0_pool3/rival
ok reference_grid/career_fixture_7_0_pool4/arena
ok reference_grid/career_fixture_7_0_pool4/rival
ok reference_grid/career_fixture_7_0_pool9/arena
ok reference_grid/career_fixture_7_0_pool9/rival
ok reference_grid/career_fixture_7_1_pool0/arena
ok reference_grid/career_fixture_7_1_pool0/rival
ok reference_grid/career_fixture_7_1_pool1/arena
ok reference_grid/career_fixture_7_1_pool1/rival
ok reference_grid/career_fixture_7_1_pool2/arena
ok reference_grid/career_fixture_7_1_pool2/rival
ok reference_grid/career_fixture_7_1_pool3/arena
ok reference_grid/career_fixture_7_1_pool3/rival
ok reference_grid/career_fixture_7_1_pool4/arena
ok reference_grid/career_fixture_7_1_pool4/rival
ok reference_grid/career_fixture_7_1_pool9/arena
ok reference_grid/career_fixture_7_1_pool9/rival
ok reference_grid/career_fixture_7_2_pool0/arena
ok reference_grid/career_fixture_7_2_pool0/rival
ok reference_grid/career_fixture_7_2_pool1/arena
ok reference_grid/career_fixture_7_2_pool1/rival
ok reference_grid/career_fixture_7_2_pool2/arena
ok reference_grid/career_fixture_7_2_pool2/rival
ok reference_grid/career_fixture_7_2_pool3/arena
ok reference_grid/career_fixture_7_2_pool3/rival
ok reference_grid/career_fixture_7_2_pool4/arena
ok reference_grid/career_fixture_7_2_pool4/rival
ok reference_grid/career_fixture_7_2_pool9/arena
ok reference_grid/career_fixture_7_2_pool9/rival
ok reference_grid/career_fixture_8_0_pool0/arena
ok reference_grid/career_fixture_8_0_pool0/rival
ok reference_grid/career_fixture_8_0_pool1/arena
ok reference_grid/career_fixture_8_0_pool1/rival
ok reference_grid/career_fixture_8_0_pool2/arena
ok reference_grid/career_fixture_8_0_pool2/rival
ok reference_grid/career_fixture_8_0_pool3/arena
ok reference_grid/career_fixture_8_0_pool3/rival
ok reference_grid/career_fixture_8_0_pool4/arena
ok reference_grid/career_fixture_8_0_pool4/rival
ok reference_grid/career_fixture_8_0_pool9/arena
ok reference_grid/career_fixture_8_0_pool9/rival
ok reference_grid/career_fixture_8_1_pool0/arena
ok reference_grid/career_fixture_8_1_pool0/rival
ok reference_grid/career_fixture_8_1_pool1/arena
ok reference_grid/career_fixture_8_1_pool1/rival
ok reference_grid/career_fixture_8_1_pool2/arena
ok reference_grid/career_fixture_8_1_pool2/rival
ok reference_grid/career_fixture_8_1_pool3/arena
ok reference_grid/career_fixture_8_1_pool3/rival
ok reference_grid/career_fixture_8_1_pool4/arena
ok reference_grid/career_fixture_8_1_pool4/rival
ok reference_grid/career_fixture_8_1_pool9/arena
ok reference_grid/career_fixture_8_1_pool9/rival
ok reference_grid/career_fixture_8_2_pool0/arena
ok reference_grid/career_fixture_8_2_pool0/rival
ok reference_grid/career_fixture_8_2_pool1/arena
ok reference_grid/career_fixture_8_2_pool1/rival
ok reference_grid/career_fixture_8_2_pool2/arena
ok reference_grid/career_fixture_8_2_pool2/rival
ok reference_grid/career_fixture_8_2_pool3/arena
ok reference_grid/career_fixture_8_2_pool3/rival
ok reference_grid/career_fixture_8_2_pool4/arena
ok reference_grid/career_fixture_8_2_pool4/rival
ok reference_grid/career_fixture_8_2_pool9/arena
ok reference_grid/career_fixture_8_2_pool9/rival
ok reference_grid/career_fixture_9_0_pool0/arena
ok reference_grid/career_fixture_9_0_pool0/rival
ok reference_grid/career_fixture_9_0_pool1/arena
ok reference_grid/career_fixture_9_0_pool1/rival
ok reference_grid/career_fixture_9_0_pool2/arena
ok reference_grid/career_fixture_9_0_pool2/rival
ok reference_grid/career_fixture_9_0_pool3/arena
ok reference_grid/career_fixture_9_0_pool3/rival
ok reference_grid/career_fixture_9_0_pool4/arena
ok reference_grid/career_fixture_9_0_pool4/rival
ok reference_grid/career_fixture_9_0_pool9/arena
ok reference_grid/career_fixture_9_0_pool9/rival
ok reference_grid/career_fixture_9_1_pool0/arena
ok reference_grid/career_fixture_9_1_pool0/rival
ok reference_grid/career_fixture_9_1_pool1/arena
ok reference_grid/career_fixture_9_1_pool1/rival
ok reference_grid/career_fixture_9_1_pool2/arena
ok reference_grid/career_fixture_9_1_pool2/rival
ok reference_grid/career_fixture_9_1_pool3/arena
ok reference_grid/career_fixture_9_1_pool3/rival
ok reference_grid/career_fixture_9_1_pool4/arena
ok reference_grid/career_fixture_9_1_pool4/rival
ok reference_grid/career_fixture_9_1_pool9/arena
ok reference_grid/career_fixture_9_1_pool9/rival
ok reference_grid/career_fixture_9_2_pool0/arena
ok reference_grid/career_fixture_9_2_pool0/rival
ok reference_grid/career_fixture_9_2_pool1/arena
ok reference_grid/career_fixture_9_2_pool1/rival
ok reference_grid/career_fixture_9_2_pool2/arena
ok reference_grid/career_fixture_9_2_pool2/rival
ok reference_grid/career_fixture_9_2_pool3/arena
ok reference_grid/career_fixture_9_2_pool3/rival
ok reference_grid/career_fixture_9_2_pool4/arena
ok reference_grid/career_fixture_9_2_pool4/rival
ok reference_grid/career_fixture_9_2_pool9/arena
ok reference_grid/career_fixture_9_2_pool9/rival
ok reference_grid/career_fixture_10_0_pool0/arena
ok reference_grid/career_fixture_10_0_pool0/rival
ok reference_grid/career_fixture_10_0_pool1/arena
ok reference_grid/career_fixture_10_0_pool1/rival
ok reference_grid/career_fixture_10_0_pool2/arena
ok reference_grid/career_fixture_10_0_pool2/rival
ok reference_grid/career_fixture_10_0_pool3/arena
ok reference_grid/career_fixture_10_0_pool3/rival
ok reference_grid/career_fixture_10_0_pool4/arena
ok reference_grid/career_fixture_10_0_pool4/rival
ok reference_grid/career_fixture_10_0_pool9/arena
ok reference_grid/career_fixture_10_0_pool9/rival
ok reference_grid/career_fixture_10_1_pool0/arena
ok reference_grid/career_fixture_10_1_pool0/rival
ok reference_grid/career_fixture_10_1_pool1/arena
ok reference_grid/career_fixture_10_1_pool1/rival
ok reference_grid/career_fixture_10_1_pool2/arena
ok reference_grid/career_fixture_10_1_pool2/rival
ok reference_grid/career_fixture_10_1_pool3/arena
ok reference_grid/career_fixture_10_1_pool3/rival
ok reference_grid/career_fixture_10_1_pool4/arena
ok reference_grid/career_fixture_10_1_pool4/rival
ok reference_grid/career_fixture_10_1_pool9/arena
ok reference_grid/career_fixture_10_1_pool9/rival
ok reference_grid/career_fixture_10_2_pool0/arena
ok reference_grid/career_fixture_10_2_pool0/rival
ok reference_grid/career_fixture_10_2_pool1/arena
ok reference_grid/career_fixture_10_2_pool1/rival
ok reference_grid/career_fixture_10_2_pool2/arena
ok reference_grid/career_fixture_10_2_pool2/rival
ok reference_grid/career_fixture_10_2_pool3/arena
ok reference_grid/career_fixture_10_2_pool3/rival
ok reference_grid/career_fixture_10_2_pool4/arena
ok reference_grid/career_fixture_10_2_pool4/rival
ok reference_grid/career_fixture_10_2_pool9/arena
ok reference_grid/career_fixture_10_2_pool9/rival
ok reference_grid/career_fixture_11_0_pool0/arena
ok reference_grid/career_fixture_11_0_pool0/rival
ok reference_grid/career_fixture_11_0_pool1/arena
ok reference_grid/career_fixture_11_0_pool1/rival
ok reference_grid/career_fixture_11_0_pool2/arena
ok reference_grid/career_fixture_11_0_pool2/rival
ok reference_grid/career_fixture_11_0_pool3/arena
ok reference_grid/career_fixture_11_0_pool3/rival
ok reference_grid/career_fixture_11_0_pool4/arena
ok reference_grid/career_fixture_11_0_pool4/rival
ok reference_grid/career_fixture_11_0_pool9/arena
ok reference_grid/career_fixture_11_0_pool9/rival
ok reference_grid/career_fixture_11_1_pool0/arena
ok reference_grid/career_fixture_11_1_pool0/rival
ok reference_grid/career_fixture_11_1_pool1/arena
ok reference_grid/career_fixture_11_1_pool1/rival
ok reference_grid/career_fixture_11_1_pool2/arena
ok reference_grid/career_fixture_11_1_pool2/rival
ok reference_grid/career_fixture_11_1_pool3/arena
ok reference_grid/career_fixture_11_1_pool3/rival
ok reference_grid/career_fixture_11_1_pool4/arena
ok reference_grid/career_fixture_11_1_pool4/rival
ok reference_grid/career_fixture_11_1_pool9/arena
ok reference_grid/career_fixture_11_1_pool9/rival
ok reference_grid/career_fixture_11_2_pool0/arena
ok reference_grid/career_fixture_11_2_pool0/rival
ok reference_grid/career_fixture_11_2_pool1/arena
ok reference_grid/career_fixture_11_2_pool1/rival
ok reference_grid/career_fixture_11_2_pool2/arena
ok reference_grid/career_fixture_11_2_pool2/rival
ok reference_grid/career_fixture_11_2_pool3/arena
ok reference_grid/career_fixture_11_2_pool3/rival
ok reference_grid/career_fixture_11_2_pool4/arena
ok reference_grid/career_fixture_11_2_pool4/rival
ok reference_grid/career_fixture_11_2_pool9/arena
ok reference_grid/career_fixture_11_2_pool9/rival
ok reference_grid/career_fixture_12_0_pool0/arena
ok reference_grid/career_fixture_12_0_pool0/rival
ok reference_grid/career_fixture_12_0_pool1/arena
ok reference_grid/career_fixture_12_0_pool1/rival
ok reference_grid/career_fixture_12_0_pool2/arena
ok reference_grid/career_fixture_12_0_pool2/rival
ok reference_grid/career_fixture_12_0_pool3/arena
ok reference_grid/career_fixture_12_0_pool3/rival
ok reference_grid/career_fixture_12_0_pool4/arena
ok reference_grid/career_fixture_12_0_pool4/rival
ok reference_grid/career_fixture_12_0_pool9/arena
ok reference_grid/career_fixture_12_0_pool9/rival
ok reference_grid/career_fixture_12_1_pool0/arena
ok reference_grid/career_fixture_12_1_pool0/rival
ok reference_grid/career_fixture_12_1_pool1/arena
ok reference_grid/career_fixture_12_1_pool1/rival
ok reference_grid/career_fixture_12_1_pool2/arena
ok reference_grid/career_fixture_12_1_pool2/rival
ok reference_grid/career_fixture_12_1_pool3/arena
ok reference_grid/career_fixture_12_1_pool3/rival
ok reference_grid/career_fixture_12_1_pool4/arena
ok reference_grid/career_fixture_12_1_pool4/rival
ok reference_grid/career_fixture_12_1_pool9/arena
ok reference_grid/career_fixture_12_1_pool9/rival
ok reference_grid/career_fixture_12_2_pool0/arena
ok reference_grid/career_fixture_12_2_pool0/rival
ok reference_grid/career_fixture_12_2_pool1/arena
ok reference_grid/career_fixture_12_2_pool1/rival
ok reference_grid/career_fixture_12_2_pool2/arena
ok reference_grid/career_fixture_12_2_pool2/rival
ok reference_grid/career_fixture_12_2_pool3/arena
ok reference_grid/career_fixture_12_2_pool3/rival
ok reference_grid/career_fixture_12_2_pool4/arena
ok reference_grid/career_fixture_12_2_pool4/rival
ok reference_grid/career_fixture_12_2_pool9/arena
ok reference_grid/career_fixture_12_2_pool9/rival
ok reference_grid/career_fixture_13_0_pool0/arena
ok reference_grid/career_fixture_13_0_pool0/rival
ok reference_grid/career_fixture_13_0_pool1/arena
ok reference_grid/career_fixture_13_0_pool1/rival
ok reference_grid/career_fixture_13_0_pool2/arena
ok reference_grid/career_fixture_13_0_pool2/rival
ok reference_grid/career_fixture_13_0_pool3/arena
ok reference_grid/career_fixture_13_0_pool3/rival
ok reference_grid/career_fixture_13_0_pool4/arena
ok reference_grid/career_fixture_13_0_pool4/rival
ok reference_grid/career_fixture_13_0_pool9/arena
ok reference_grid/career_fixture_13_0_pool9/rival
ok reference_grid/career_fixture_13_1_pool0/arena
ok reference_grid/career_fixture_13_1_pool0/rival
ok reference_grid/career_fixture_13_1_pool1/arena
ok reference_grid/career_fixture_13_1_pool1/rival
ok reference_grid/career_fixture_13_1_pool2/arena
ok reference_grid/career_fixture_13_1_pool2/rival
ok reference_grid/career_fixture_13_1_pool3/arena
ok reference_grid/career_fixture_13_1_pool3/rival
ok reference_grid/career_fixture_13_1_pool4/arena
ok reference_grid/career_fixture_13_1_pool4/rival
ok reference_grid/career_fixture_13_1_pool9/arena
ok reference_grid/career_fixture_13_1_pool9/rival
ok reference_grid/career_fixture_13_2_pool0/arena
ok reference_grid/career_fixture_13_2_pool0/rival
ok reference_grid/career_fixture_13_2_pool1/arena
ok reference_grid/career_fixture_13_2_pool1/rival
ok reference_grid/career_fixture_13_2_pool2/arena
ok reference_grid/career_fixture_13_2_pool2/rival
ok reference_grid/career_fixture_13_2_pool3/arena
ok reference_grid/career_fixture_13_2_pool3/rival
ok reference_grid/career_fixture_13_2_pool4/arena
ok reference_grid/career_fixture_13_2_pool4/rival
ok reference_grid/career_fixture_13_2_pool9/arena
ok reference_grid/career_fixture_13_2_pool9/rival
ok reference_grid/career_fixture_14_0_pool0/arena
ok reference_grid/career_fixture_14_0_pool0/rival
ok reference_grid/career_fixture_14_0_pool1/arena
ok reference_grid/career_fixture_14_0_pool1/rival
ok reference_grid/career_fixture_14_0_pool2/arena
ok reference_grid/career_fixture_14_0_pool2/rival
ok reference_grid/career_fixture_14_0_pool3/arena
ok reference_grid/career_fixture_14_0_pool3/rival
ok reference_grid/career_fixture_14_0_pool4/arena
ok reference_grid/career_fixture_14_0_pool4/rival
ok reference_grid/career_fixture_14_0_pool9/arena
ok reference_grid/career_fixture_14_0_pool9/rival
ok reference_grid/career_fixture_14_1_pool0/arena
ok reference_grid/career_fixture_14_1_pool0/rival
ok reference_grid/career_fixture_14_1_pool1/arena
ok reference_grid/career_fixture_14_1_pool1/rival
ok reference_grid/career_fixture_14_1_pool2/arena
ok reference_grid/career_fixture_14_1_pool2/rival
ok reference_grid/career_fixture_14_1_pool3/arena
ok reference_grid/career_fixture_14_1_pool3/rival
ok reference_grid/career_fixture_14_1_pool4/arena
ok reference_grid/career_fixture_14_1_pool4/rival
ok reference_grid/career_fixture_14_1_pool9/arena
ok reference_grid/career_fixture_14_1_pool9/rival
ok reference_grid/career_fixture_14_2_pool0/arena
ok reference_grid/career_fixture_14_2_pool0/rival
ok reference_grid/career_fixture_14_2_pool1/arena
ok reference_grid/career_fixture_14_2_pool1/rival
ok reference_grid/career_fixture_14_2_pool2/arena
ok reference_grid/career_fixture_14_2_pool2/rival
ok reference_grid/career_fixture_14_2_pool3/arena
ok reference_grid/career_fixture_14_2_pool3/rival
ok reference_grid/career_fixture_14_2_pool4/arena
ok reference_grid/career_fixture_14_2_pool4/rival
ok reference_grid/career_fixture_14_2_pool9/arena
ok reference_grid/career_fixture_14_2_pool9/rival
ok reference_grid/career_fixture_15_0_pool0/arena
ok reference_grid/career_fixture_15_0_pool0/rival
ok reference_grid/career_fixture_15_0_pool1/arena
ok reference_grid/career_fixture_15_0_pool1/rival
ok reference_grid/career_fixture_15_0_pool2/arena
ok reference_grid/career_fixture_15_0_pool2/rival
ok reference_grid/career_fixture_15_0_pool3/arena
ok reference_grid/career_fixture_15_0_pool3/rival
ok reference_grid/career_fixture_15_0_pool4/arena
ok reference_grid/career_fixture_15_0_pool4/rival
ok reference_grid/career_fixture_15_0_pool9/arena
ok reference_grid/career_fixture_15_0_pool9/rival
ok reference_grid/career_fixture_15_1_pool0/arena
ok reference_grid/career_fixture_15_1_pool0/rival
ok reference_grid/career_fixture_15_1_pool1/arena
ok reference_grid/career_fixture_15_1_pool1/rival
ok reference_grid/career_fixture_15_1_pool2/arena
ok reference_grid/career_fixture_15_1_pool2/rival
ok reference_grid/career_fixture_15_1_pool3/arena
ok reference_grid/career_fixture_15_1_pool3/rival
ok reference_grid/career_fixture_15_1_pool4/arena
ok reference_grid/career_fixture_15_1_pool4/rival
ok reference_grid/career_fixture_15_1_pool9/arena
ok reference_grid/career_fixture_15_1_pool9/rival
ok reference_grid/career_fixture_15_2_pool0/arena
ok reference_grid/career_fixture_15_2_pool0/rival
ok reference_grid/career_fixture_15_2_pool1/arena
ok reference_grid/career_fixture_15_2_pool1/rival
ok reference_grid/career_fixture_15_2_pool2/arena
ok reference_grid/career_fixture_15_2_pool2/rival
ok reference_grid/career_fixture_15_2_pool3/arena
ok reference_grid/career_fixture_15_2_pool3/rival
ok reference_grid/career_fixture_15_2_pool4/arena
ok reference_grid/career_fixture_15_2_pool4/rival
ok reference_grid/career_fixture_15_2_pool9/arena
ok reference_grid/career_fixture_15_2_pool9/rival
ok reference_grid/career_fixture_16_0_pool0/arena
ok reference_grid/career_fixture_16_0_pool0/rival
ok reference_grid/career_fixture_16_0_pool1/arena
ok reference_grid/career_fixture_16_0_pool1/rival
ok reference_grid/career_fixture_16_0_pool2/arena
ok reference_grid/career_fixture_16_0_pool2/rival
ok reference_grid/career_fixture_16_0_pool3/arena
ok reference_grid/career_fixture_16_0_pool3/rival
ok reference_grid/career_fixture_16_0_pool4/arena
ok reference_grid/career_fixture_16_0_pool4/rival
ok reference_grid/career_fixture_16_0_pool9/arena
ok reference_grid/career_fixture_16_0_pool9/rival
ok reference_grid/career_fixture_16_1_pool0/arena
ok reference_grid/career_fixture_16_1_pool0/rival
ok reference_grid/career_fixture_16_1_pool1/arena
ok reference_grid/career_fixture_16_1_pool1/rival
ok reference_grid/career_fixture_16_1_pool2/arena
ok reference_grid/career_fixture_16_1_pool2/rival
ok reference_grid/career_fixture_16_1_pool3/arena
ok reference_grid/career_fixture_16_1_pool3/rival
ok reference_grid/career_fixture_16_1_pool4/arena
ok reference_grid/career_fixture_16_1_pool4/rival
ok reference_grid/career_fixture_16_1_pool9/arena
ok reference_grid/career_fixture_16_1_pool9/rival
ok reference_grid/career_fixture_16_2_pool0/arena
ok reference_grid/career_fixture_16_2_pool0/rival
ok reference_grid/career_fixture_16_2_pool1/arena
ok reference_grid/career_fixture_16_2_pool1/rival
ok reference_grid/career_fixture_16_2_pool2/arena
ok reference_grid/career_fixture_16_2_pool2/rival
ok reference_grid/career_fixture_16_2_pool3/arena
ok reference_grid/career_fixture_16_2_pool3/rival
ok reference_grid/career_fixture_16_2_pool4/arena
ok reference_grid/career_fixture_16_2_pool4/rival
ok reference_grid/career_fixture_16_2_pool9/arena
ok reference_grid/career_fixture_16_2_pool9/rival
ok reference_grid/career_fixture_17_0_pool0/arena
ok reference_grid/career_fixture_17_0_pool0/rival
ok reference_grid/career_fixture_17_0_pool1/arena
ok reference_grid/career_fixture_17_0_pool1/rival
ok reference_grid/career_fixture_17_0_pool2/arena
ok reference_grid/career_fixture_17_0_pool2/rival
ok reference_grid/career_fixture_17_0_pool3/arena
ok reference_grid/career_fixture_17_0_pool3/rival
ok reference_grid/career_fixture_17_0_pool4/arena
ok reference_grid/career_fixture_17_0_pool4/rival
ok reference_grid/career_fixture_17_0_pool9/arena
ok reference_grid/career_fixture_17_0_pool9/rival
ok reference_grid/career_fixture_17_1_pool0/arena
ok reference_grid/career_fixture_17_1_pool0/rival
ok reference_grid/career_fixture_17_1_pool1/arena
ok reference_grid/career_fixture_17_1_pool1/rival
ok reference_grid/career_fixture_17_1_pool2/arena
ok reference_grid/career_fixture_17_1_pool2/rival
ok reference_grid/career_fixture_17_1_pool3/arena
ok reference_grid/career_fixture_17_1_pool3/rival
ok reference_grid/career_fixture_17_1_pool4/arena
ok reference_grid/career_fixture_17_1_pool4/rival
ok reference_grid/career_fixture_17_1_pool9/arena
ok reference_grid/career_fixture_17_1_pool9/rival
ok reference_grid/career_fixture_17_2_pool0/arena
ok reference_grid/career_fixture_17_2_pool0/rival
ok reference_grid/career_fixture_17_2_pool1/arena
ok reference_grid/career_fixture_17_2_pool1/rival
ok reference_grid/career_fixture_17_2_pool2/arena
ok reference_grid/career_fixture_17_2_pool2/rival
ok reference_grid/career_fixture_17_2_pool3/arena
ok reference_grid/career_fixture_17_2_pool3/rival
ok reference_grid/career_fixture_17_2_pool4/arena
ok reference_grid/career_fixture_17_2_pool4/rival
ok reference_grid/career_fixture_17_2_pool9/arena
ok reference_grid/career_fixture_17_2_pool9/rival
ok reference_grid/career_fixture_18_0_pool0/arena
ok reference_grid/career_fixture_18_0_pool0/rival
ok reference_grid/career_fixture_18_0_pool1/arena
ok reference_grid/career_fixture_18_0_pool1/rival
ok reference_grid/career_fixture_18_0_pool2/arena
ok reference_grid/career_fixture_18_0_pool2/rival
ok reference_grid/career_fixture_18_0_pool3/arena
ok reference_grid/career_fixture_18_0_pool3/rival
ok reference_grid/career_fixture_18_0_pool4/arena
ok reference_grid/career_fixture_18_0_pool4/rival
ok reference_grid/career_fixture_18_0_pool9/arena
ok reference_grid/career_fixture_18_0_pool9/rival
ok reference_grid/career_fixture_18_1_pool0/arena
ok reference_grid/career_fixture_18_1_pool0/rival
ok reference_grid/career_fixture_18_1_pool1/arena
ok reference_grid/career_fixture_18_1_pool1/rival
ok reference_grid/career_fixture_18_1_pool2/arena
ok reference_grid/career_fixture_18_1_pool2/rival
ok reference_grid/career_fixture_18_1_pool3/arena
ok reference_grid/career_fixture_18_1_pool3/rival
ok reference_grid/career_fixture_18_1_pool4/arena
ok reference_grid/career_fixture_18_1_pool4/rival
ok reference_grid/career_fixture_18_1_pool9/arena
ok reference_grid/career_fixture_18_1_pool9/rival
ok reference_grid/career_fixture_18_2_pool0/arena
ok reference_grid/career_fixture_18_2_pool0/rival
ok reference_grid/career_fixture_18_2_pool1/arena
ok reference_grid/career_fixture_18_2_pool1/rival
ok reference_grid/career_fixture_18_2_pool2/arena
ok reference_grid/career_fixture_18_2_pool2/rival
ok reference_grid/career_fixture_18_2_pool3/arena
ok reference_grid/career_fixture_18_2_pool3/rival
ok reference_grid/career_fixture_18_2_pool4/arena
ok reference_grid/career_fixture_18_2_pool4/rival
ok reference_grid/career_fixture_18_2_pool9/arena
ok reference_grid/career_fixture_18_2_pool9/rival
ok reference_grid/career_fixture_19_0_pool0/arena
ok reference_grid/career_fixture_19_0_pool0/rival
ok reference_grid/career_fixture_19_0_pool1/arena
ok reference_grid/career_fixture_19_0_pool1/rival
ok reference_grid/career_fixture_19_0_pool2/arena
ok reference_grid/career_fixture_19_0_pool2/rival
ok reference_grid/career_fixture_19_0_pool3/arena
ok reference_grid/career_fixture_19_0_pool3/rival
ok reference_grid/career_fixture_19_0_pool4/arena
ok reference_grid/career_fixture_19_0_pool4/rival
ok reference_grid/career_fixture_19_0_pool9/arena
ok reference_grid/career_fixture_19_0_pool9/rival
ok reference_grid/career_fixture_19_1_pool0/arena
ok reference_grid/career_fixture_19_1_pool0/rival
ok reference_grid/career_fixture_19_1_pool1/arena
ok reference_grid/career_fixture_19_1_pool1/rival
ok reference_grid/career_fixture_19_1_pool2/arena
ok reference_grid/career_fixture_19_1_pool2/rival
ok reference_grid/career_fixture_19_1_pool3/arena
ok reference_grid/career_fixture_19_1_pool3/rival
ok reference_grid/career_fixture_19_1_pool4/arena
ok reference_grid/career_fixture_19_1_pool4/rival
ok reference_grid/career_fixture_19_1_pool9/arena
ok reference_grid/career_fixture_19_1_pool9/rival
ok reference_grid/career_fixture_19_2_pool0/arena
ok reference_grid/career_fixture_19_2_pool0/rival
ok reference_grid/career_fixture_19_2_pool1/arena
ok reference_grid/career_fixture_19_2_pool1/rival
ok reference_grid/career_fixture_19_2_pool2/arena
ok reference_grid/career_fixture_19_2_pool2/rival
ok reference_grid/career_fixture_19_2_pool3/arena
ok reference_grid/career_fixture_19_2_pool3/rival
ok reference_grid/career_fixture_19_2_pool4/arena
ok reference_grid/career_fixture_19_2_pool4/rival
ok reference_grid/career_fixture_19_2_pool9/arena
ok reference_grid/career_fixture_19_2_pool9/rival
ok reference_grid/career_fixture_20_0_pool0/arena
ok reference_grid/career_fixture_20_0_pool0/rival
ok reference_grid/career_fixture_20_0_pool1/arena
ok reference_grid/career_fixture_20_0_pool1/rival
ok reference_grid/career_fixture_20_0_pool2/arena
ok reference_grid/career_fixture_20_0_pool2/rival
ok reference_grid/career_fixture_20_0_pool3/arena
ok reference_grid/career_fixture_20_0_pool3/rival
ok reference_grid/career_fixture_20_0_pool4/arena
ok reference_grid/career_fixture_20_0_pool4/rival
ok reference_grid/career_fixture_20_0_pool9/arena
ok reference_grid/career_fixture_20_0_pool9/rival
ok reference_grid/career_fixture_20_1_pool0/arena
ok reference_grid/career_fixture_20_1_pool0/rival
ok reference_grid/career_fixture_20_1_pool1/arena
ok reference_grid/career_fixture_20_1_pool1/rival
ok reference_grid/career_fixture_20_1_pool2/arena
ok reference_grid/career_fixture_20_1_pool2/rival
ok reference_grid/career_fixture_20_1_pool3/arena
ok reference_grid/career_fixture_20_1_pool3/rival
ok reference_grid/career_fixture_20_1_pool4/arena
ok reference_grid/career_fixture_20_1_pool4/rival
ok reference_grid/career_fixture_20_1_pool9/arena
ok reference_grid/career_fixture_20_1_pool9/rival
ok reference_grid/career_fixture_20_2_pool0/arena
ok reference_grid/career_fixture_20_2_pool0/rival
ok reference_grid/career_fixture_20_2_pool1/arena
ok reference_grid/career_fixture_20_2_pool1/rival
ok reference_grid/career_fixture_20_2_pool2/arena
ok reference_grid/career_fixture_20_2_pool2/rival
ok reference_grid/career_fixture_20_2_pool3/arena
ok reference_grid/career_fixture_20_2_pool3/rival
ok reference_grid/career_fixture_20_2_pool4/arena
ok reference_grid/career_fixture_20_2_pool4/rival
ok reference_grid/career_fixture_20_2_pool9/arena
ok reference_grid/career_fixture_20_2_pool9/rival
ok reference_grid/career_fixture_21_0_pool0/arena
ok reference_grid/career_fixture_21_0_pool0/rival
ok reference_grid/career_fixture_21_0_pool1/arena
ok reference_grid/career_fixture_21_0_pool1/rival
ok reference_grid/career_fixture_21_0_pool2/arena
ok reference_grid/career_fixture_21_0_pool2/rival
ok reference_grid/career_fixture_21_0_pool3/arena
ok reference_grid/career_fixture_21_0_pool3/rival
ok reference_grid/career_fixture_21_0_pool4/arena
ok reference_grid/career_fixture_21_0_pool4/rival
ok reference_grid/career_fixture_21_0_pool9/arena
ok reference_grid/career_fixture_21_0_pool9/rival
ok reference_grid/career_fixture_21_1_pool0/arena
ok reference_grid/career_fixture_21_1_pool0/rival
ok reference_grid/career_fixture_21_1_pool1/arena
ok reference_grid/career_fixture_21_1_pool1/rival
ok reference_grid/career_fixture_21_1_pool2/arena
ok reference_grid/career_fixture_21_1_pool2/rival
ok reference_grid/career_fixture_21_1_pool3/arena
ok reference_grid/career_fixture_21_1_pool3/rival
ok reference_grid/career_fixture_21_1_pool4/arena
ok reference_grid/career_fixture_21_1_pool4/rival
ok reference_grid/career_fixture_21_1_pool9/arena
ok reference_grid/career_fixture_21_1_pool9/rival
ok reference_grid/career_fixture_21_2_pool0/arena
ok reference_grid/career_fixture_21_2_pool0/rival
ok reference_grid/career_fixture_21_2_pool1/arena
ok reference_grid/career_fixture_21_2_pool1/rival
ok reference_grid/career_fixture_21_2_pool2/arena
ok reference_grid/career_fixture_21_2_pool2/rival
ok reference_grid/career_fixture_21_2_pool3/arena
ok reference_grid/career_fixture_21_2_pool3/rival
ok reference_grid/career_fixture_21_2_pool4/arena
ok reference_grid/career_fixture_21_2_pool4/rival
ok reference_grid/career_fixture_21_2_pool9/arena
ok reference_grid/career_fixture_21_2_pool9/rival
ok reference_grid/career_fixture_22_0_pool0/arena
ok reference_grid/career_fixture_22_0_pool0/rival
ok reference_grid/career_fixture_22_0_pool1/arena
ok reference_grid/career_fixture_22_0_pool1/rival
ok reference_grid/career_fixture_22_0_pool2/arena
ok reference_grid/career_fixture_22_0_pool2/rival
ok reference_grid/career_fixture_22_0_pool3/arena
ok reference_grid/career_fixture_22_0_pool3/rival
ok reference_grid/career_fixture_22_0_pool4/arena
ok reference_grid/career_fixture_22_0_pool4/rival
ok reference_grid/career_fixture_22_0_pool9/arena
ok reference_grid/career_fixture_22_0_pool9/rival
ok reference_grid/career_fixture_22_1_pool0/arena
ok reference_grid/career_fixture_22_1_pool0/rival
ok reference_grid/career_fixture_22_1_pool1/arena
ok reference_grid/career_fixture_22_1_pool1/rival
ok reference_grid/career_fixture_22_1_pool2/arena
ok reference_grid/career_fixture_22_1_pool2/rival
ok reference_grid/career_fixture_22_1_pool3/arena
ok reference_grid/career_fixture_22_1_pool3/rival
ok reference_grid/career_fixture_22_1_pool4/arena
ok reference_grid/career_fixture_22_1_pool4/rival
ok reference_grid/career_fixture_22_1_pool9/arena
ok reference_grid/career_fixture_22_1_pool9/rival
ok reference_grid/career_fixture_22_2_pool0/arena
ok reference_grid/career_fixture_22_2_pool0/rival
ok reference_grid/career_fixture_22_2_pool1/arena
ok reference_grid/career_fixture_22_2_pool1/rival
ok reference_grid/career_fixture_22_2_pool2/arena
ok reference_grid/career_fixture_22_2_pool2/rival
ok reference_grid/career_fixture_22_2_pool3/arena
ok reference_grid/career_fixture_22_2_pool3/rival
ok reference_grid/career_fixture_22_2_pool4/arena
ok reference_grid/career_fixture_22_2_pool4/rival
ok reference_grid/career_fixture_22_2_pool9/arena
ok reference_grid/career_fixture_22_2_pool9/rival
ok reference_grid/career_fixture_23_0_pool0/arena
ok reference_grid/career_fixture_23_0_pool0/rival
ok reference_grid/career_fixture_23_0_pool1/arena
ok reference_grid/career_fixture_23_0_pool1/rival
ok reference_grid/career_fixture_23_0_pool2/arena
ok reference_grid/career_fixture_23_0_pool2/rival
ok reference_grid/career_fixture_23_0_pool3/arena
ok reference_grid/career_fixture_23_0_pool3/rival
ok reference_grid/career_fixture_23_0_pool4/arena
ok reference_grid/career_fixture_23_0_pool4/rival
ok reference_grid/career_fixture_23_0_pool9/arena
ok reference_grid/career_fixture_23_0_pool9/rival
ok reference_grid/career_fixture_23_1_pool0/arena
ok reference_grid/career_fixture_23_1_pool0/rival
ok reference_grid/career_fixture_23_1_pool1/arena
ok reference_grid/career_fixture_23_1_pool1/rival
ok reference_grid/career_fixture_23_1_pool2/arena
ok reference_grid/career_fixture_23_1_pool2/rival
ok reference_grid/career_fixture_23_1_pool3/arena
ok reference_grid/career_fixture_23_1_pool3/rival
ok reference_grid/career_fixture_23_1_pool4/arena
ok reference_grid/career_fixture_23_1_pool4/rival
ok reference_grid/career_fixture_23_1_pool9/arena
ok reference_grid/career_fixture_23_1_pool9/rival
ok reference_grid/career_fixture_23_2_pool0/arena
ok reference_grid/career_fixture_23_2_pool0/rival
ok reference_grid/career_fixture_23_2_pool1/arena
ok reference_grid/career_fixture_23_2_pool1/rival
ok reference_grid/career_fixture_23_2_pool2/arena
ok reference_grid/career_fixture_23_2_pool2/rival
ok reference_grid/career_fixture_23_2_pool3/arena
ok reference_grid/career_fixture_23_2_pool3/rival
ok reference_grid/career_fixture_23_2_pool4/arena
ok reference_grid/career_fixture_23_2_pool4/rival
ok reference_grid/career_fixture_23_2_pool9/arena
ok reference_grid/career_fixture_23_2_pool9/rival
ok reference_grid/career_fixture_24_0_pool0/arena
ok reference_grid/career_fixture_24_0_pool0/rival
ok reference_grid/career_fixture_24_0_pool1/arena
ok reference_grid/career_fixture_24_0_pool1/rival
ok reference_grid/career_fixture_24_0_pool2/arena
ok reference_grid/career_fixture_24_0_pool2/rival
ok reference_grid/career_fixture_24_0_pool3/arena
ok reference_grid/career_fixture_24_0_pool3/rival
ok reference_grid/career_fixture_24_0_pool4/arena
ok reference_grid/career_fixture_24_0_pool4/rival
ok reference_grid/career_fixture_24_0_pool9/arena
ok reference_grid/career_fixture_24_0_pool9/rival
ok reference_grid/career_fixture_24_1_pool0/arena
ok reference_grid/career_fixture_24_1_pool0/rival
ok reference_grid/career_fixture_24_1_pool1/arena
ok reference_grid/career_fixture_24_1_pool1/rival
ok reference_grid/career_fixture_24_1_pool2/arena
ok reference_grid/career_fixture_24_1_pool2/rival
ok reference_grid/career_fixture_24_1_pool3/arena
ok reference_grid/career_fixture_24_1_pool3/rival
ok reference_grid/career_fixture_24_1_pool4/arena
ok reference_grid/career_fixture_24_1_pool4/rival
ok reference_grid/career_fixture_24_1_pool9/arena
ok reference_grid/career_fixture_24_1_pool9/rival
ok reference_grid/career_fixture_24_2_pool0/arena
ok reference_grid/career_fixture_24_2_pool0/rival
ok reference_grid/career_fixture_24_2_pool1/arena
ok reference_grid/career_fixture_24_2_pool1/rival
ok reference_grid/career_fixture_24_2_pool2/arena
ok reference_grid/career_fixture_24_2_pool2/rival
ok reference_grid/career_fixture_24_2_pool3/arena
ok reference_grid/career_fixture_24_2_pool3/rival
ok reference_grid/career_fixture_24_2_pool4/arena
ok reference_grid/career_fixture_24_2_pool4/rival
ok reference_grid/career_fixture_24_2_pool9/arena
ok reference_grid/career_fixture_24_2_pool9/rival
ok reference_grid/career_fixture_25_0_pool0/arena
ok reference_grid/career_fixture_25_0_pool0/rival
ok reference_grid/career_fixture_25_0_pool1/arena
ok reference_grid/career_fixture_25_0_pool1/rival
ok reference_grid/career_fixture_25_0_pool2/arena
ok reference_grid/career_fixture_25_0_pool2/rival
ok reference_grid/career_fixture_25_0_pool3/arena
ok reference_grid/career_fixture_25_0_pool3/rival
ok reference_grid/career_fixture_25_0_pool4/arena
ok reference_grid/career_fixture_25_0_pool4/rival
ok reference_grid/career_fixture_25_0_pool9/arena
ok reference_grid/career_fixture_25_0_pool9/rival
ok reference_grid/career_fixture_25_1_pool0/arena
ok reference_grid/career_fixture_25_1_pool0/rival
ok reference_grid/career_fixture_25_1_pool1/arena
ok reference_grid/career_fixture_25_1_pool1/rival
ok reference_grid/career_fixture_25_1_pool2/arena
ok reference_grid/career_fixture_25_1_pool2/rival
ok reference_grid/career_fixture_25_1_pool3/arena
ok reference_grid/career_fixture_25_1_pool3/rival
ok reference_grid/career_fixture_25_1_pool4/arena
ok reference_grid/career_fixture_25_1_pool4/rival
ok reference_grid/career_fixture_25_1_pool9/arena
ok reference_grid/career_fixture_25_1_pool9/rival
ok reference_grid/career_fixture_25_2_pool0/arena
ok reference_grid/career_fixture_25_2_pool0/rival
ok reference_grid/career_fixture_25_2_pool1/arena
ok reference_grid/career_fixture_25_2_pool1/rival
ok reference_grid/career_fixture_25_2_pool2/arena
ok reference_grid/career_fixture_25_2_pool2/rival
ok reference_grid/career_fixture_25_2_pool3/arena
ok reference_grid/career_fixture_25_2_pool3/rival
ok reference_grid/career_fixture_25_2_pool4/arena
ok reference_grid/career_fixture_25_2_pool4/rival
ok reference_grid/career_fixture_25_2_pool9/arena
ok reference_grid/career_fixture_25_2_pool9/rival
ok reference_grid/career_fixture_26_0_pool0/arena
ok reference_grid/career_fixture_26_0_pool0/rival
ok reference_grid/career_fixture_26_0_pool1/arena
ok reference_grid/career_fixture_26_0_pool1/rival
ok reference_grid/career_fixture_26_0_pool2/arena
ok reference_grid/career_fixture_26_0_pool2/rival
ok reference_grid/career_fixture_26_0_pool3/arena
ok reference_grid/career_fixture_26_0_pool3/rival
ok reference_grid/career_fixture_26_0_pool4/arena
ok reference_grid/career_fixture_26_0_pool4/rival
ok reference_grid/career_fixture_26_0_pool9/arena
ok reference_grid/career_fixture_26_0_pool9/rival
ok reference_grid/career_fixture_26_1_pool0/arena
ok reference_grid/career_fixture_26_1_pool0/rival
ok reference_grid/career_fixture_26_1_pool1/arena
ok reference_grid/career_fixture_26_1_pool1/rival
ok reference_grid/career_fixture_26_1_pool2/arena
ok reference_grid/career_fixture_26_1_pool2/rival
ok reference_grid/career_fixture_26_1_pool3/arena
ok reference_grid/career_fixture_26_1_pool3/rival
ok reference_grid/career_fixture_26_1_pool4/arena
ok reference_grid/career_fixture_26_1_pool4/rival
ok reference_grid/career_fixture_26_1_pool9/arena
ok reference_grid/career_fixture_26_1_pool9/rival
ok reference_grid/career_fixture_26_2_pool0/arena
ok reference_grid/career_fixture_26_2_pool0/rival
ok reference_grid/career_fixture_26_2_pool1/arena
ok reference_grid/career_fixture_26_2_pool1/rival
ok reference_grid/career_fixture_26_2_pool2/arena
ok reference_grid/career_fixture_26_2_pool2/rival
ok reference_grid/career_fixture_26_2_pool3/arena
ok reference_grid/career_fixture_26_2_pool3/rival
ok reference_grid/career_fixture_26_2_pool4/arena
ok reference_grid/career_fixture_26_2_pool4/rival
ok reference_grid/career_fixture_26_2_pool9/arena
ok reference_grid/career_fixture_26_2_pool9/rival
ok reference_grid/career_fixture_27_0_pool0/arena
ok reference_grid/career_fixture_27_0_pool0/rival
ok reference_grid/career_fixture_27_0_pool1/arena
ok reference_grid/career_fixture_27_0_pool1/rival
ok reference_grid/career_fixture_27_0_pool2/arena
ok reference_grid/career_fixture_27_0_pool2/rival
ok reference_grid/career_fixture_27_0_pool3/arena
ok reference_grid/career_fixture_27_0_pool3/rival
ok reference_grid/career_fixture_27_0_pool4/arena
ok reference_grid/career_fixture_27_0_pool4/rival
ok reference_grid/career_fixture_27_0_pool9/arena
ok reference_grid/career_fixture_27_0_pool9/rival
ok reference_grid/career_fixture_27_1_pool0/arena
ok reference_grid/career_fixture_27_1_pool0/rival
ok reference_grid/career_fixture_27_1_pool1/arena
ok reference_grid/career_fixture_27_1_pool1/rival
ok reference_grid/career_fixture_27_1_pool2/arena
ok reference_grid/career_fixture_27_1_pool2/rival
ok reference_grid/career_fixture_27_1_pool3/arena
ok reference_grid/career_fixture_27_1_pool3/rival
ok reference_grid/career_fixture_27_1_pool4/arena
ok reference_grid/career_fixture_27_1_pool4/rival
ok reference_grid/career_fixture_27_1_pool9/arena
ok reference_grid/career_fixture_27_1_pool9/rival
ok reference_grid/career_fixture_27_2_pool0/arena
ok reference_grid/career_fixture_27_2_pool0/rival
ok reference_grid/career_fixture_27_2_pool1/arena
ok reference_grid/career_fixture_27_2_pool1/rival
ok reference_grid/career_fixture_27_2_pool2/arena
ok reference_grid/career_fixture_27_2_pool2/rival
ok reference_grid/career_fixture_27_2_pool3/arena
ok reference_grid/career_fixture_27_2_pool3/rival
ok reference_grid/career_fixture_27_2_pool4/arena
ok reference_grid/career_fixture_27_2_pool4/rival
ok reference_grid/career_fixture_27_2_pool9/arena
ok reference_grid/career_fixture_27_2_pool9/rival
ok reference_grid/career_fixture_28_0_pool0/arena
ok reference_grid/career_fixture_28_0_pool0/rival
ok reference_grid/career_fixture_28_0_pool1/arena
ok reference_grid/career_fixture_28_0_pool1/rival
ok reference_grid/career_fixture_28_0_pool2/arena
ok reference_grid/career_fixture_28_0_pool2/rival
ok reference_grid/career_fixture_28_0_pool3/arena
ok reference_grid/career_fixture_28_0_pool3/rival
ok reference_grid/career_fixture_28_0_pool4/arena
ok reference_grid/career_fixture_28_0_pool4/rival
ok reference_grid/career_fixture_28_0_pool9/arena
ok reference_grid/career_fixture_28_0_pool9/rival
ok reference_grid/career_fixture_28_1_pool0/arena
ok reference_grid/career_fixture_28_1_pool0/rival
ok reference_grid/career_fixture_28_1_pool1/arena
ok reference_grid/career_fixture_28_1_pool1/rival
ok reference_grid/career_fixture_28_1_pool2/arena
ok reference_grid/career_fixture_28_1_pool2/rival
ok reference_grid/career_fixture_28_1_pool3/arena
ok reference_grid/career_fixture_28_1_pool3/rival
ok reference_grid/career_fixture_28_1_pool4/arena
ok reference_grid/career_fixture_28_1_pool4/rival
ok reference_grid/career_fixture_28_1_pool9/arena
ok reference_grid/career_fixture_28_1_pool9/rival
ok reference_grid/career_fixture_28_2_pool0/arena
ok reference_grid/career_fixture_28_2_pool0/rival
ok reference_grid/career_fixture_28_2_pool1/arena
ok reference_grid/career_fixture_28_2_pool1/rival
ok reference_grid/career_fixture_28_2_pool2/arena
ok reference_grid/career_fixture_28_2_pool2/rival
ok reference_grid/career_fixture_28_2_pool3/arena
ok reference_grid/career_fixture_28_2_pool3/rival
ok reference_grid/career_fixture_28_2_pool4/arena
ok reference_grid/career_fixture_28_2_pool4/rival
ok reference_grid/career_fixture_28_2_pool9/arena
ok reference_grid/career_fixture_28_2_pool9/rival
ok reference_grid/career_fixture_29_0_pool0/arena
ok reference_grid/career_fixture_29_0_pool0/rival
ok reference_grid/career_fixture_29_0_pool1/arena
ok reference_grid/career_fixture_29_0_pool1/rival
ok reference_grid/career_fixture_29_0_pool2/arena
ok reference_grid/career_fixture_29_0_pool2/rival
ok reference_grid/career_fixture_29_0_pool3/arena
ok reference_grid/career_fixture_29_0_pool3/rival
ok reference_grid/career_fixture_29_0_pool4/arena
ok reference_grid/career_fixture_29_0_pool4/rival
ok reference_grid/career_fixture_29_0_pool9/arena
ok reference_grid/career_fixture_29_0_pool9/rival
ok reference_grid/career_fixture_29_1_pool0/arena
ok reference_grid/career_fixture_29_1_pool0/rival
ok reference_grid/career_fixture_29_1_pool1/arena
ok reference_grid/career_fixture_29_1_pool1/rival
ok reference_grid/career_fixture_29_1_pool2/arena
ok reference_grid/career_fixture_29_1_pool2/rival
ok reference_grid/career_fixture_29_1_pool3/arena
ok reference_grid/career_fixture_29_1_pool3/rival
ok reference_grid/career_fixture_29_1_pool4/arena
ok reference_grid/career_fixture_29_1_pool4/rival
ok reference_grid/career_fixture_29_1_pool9/arena
ok reference_grid/career_fixture_29_1_pool9/rival
ok reference_grid/career_fixture_29_2_pool0/arena
ok reference_grid/career_fixture_29_2_pool0/rival
ok reference_grid/career_fixture_29_2_pool1/arena
ok reference_grid/career_fixture_29_2_pool1/rival
ok reference_grid/career_fixture_29_2_pool2/arena
ok reference_grid/career_fixture_29_2_pool2/rival
ok reference_grid/career_fixture_29_2_pool3/arena
ok reference_grid/career_fixture_29_2_pool3/rival
ok reference_grid/career_fixture_29_2_pool4/arena
ok reference_grid/career_fixture_29_2_pool4/rival
ok reference_grid/career_fixture_29_2_pool9/arena
ok reference_grid/career_fixture_29_2_pool9/rival
ok reference_grid/career_fixture_30_0_pool0/arena
ok reference_grid/career_fixture_30_0_pool0/rival
ok reference_grid/career_fixture_30_0_pool1/arena
ok reference_grid/career_fixture_30_0_pool1/rival
ok reference_grid/career_fixture_30_0_pool2/arena
ok reference_grid/career_fixture_30_0_pool2/rival
ok reference_grid/career_fixture_30_0_pool3/arena
ok reference_grid/career_fixture_30_0_pool3/rival
ok reference_grid/career_fixture_30_0_pool4/arena
ok reference_grid/career_fixture_30_0_pool4/rival
ok reference_grid/career_fixture_30_0_pool9/arena
ok reference_grid/career_fixture_30_0_pool9/rival
ok reference_grid/career_fixture_30_1_pool0/arena
ok reference_grid/career_fixture_30_1_pool0/rival
ok reference_grid/career_fixture_30_1_pool1/arena
ok reference_grid/career_fixture_30_1_pool1/rival
ok reference_grid/career_fixture_30_1_pool2/arena
ok reference_grid/career_fixture_30_1_pool2/rival
ok reference_grid/career_fixture_30_1_pool3/arena
ok reference_grid/career_fixture_30_1_pool3/rival
ok reference_grid/career_fixture_30_1_pool4/arena
ok reference_grid/career_fixture_30_1_pool4/rival
ok reference_grid/career_fixture_30_1_pool9/arena
ok reference_grid/career_fixture_30_1_pool9/rival
ok reference_grid/career_fixture_30_2_pool0/arena
ok reference_grid/career_fixture_30_2_pool0/rival
ok reference_grid/career_fixture_30_2_pool1/arena
ok reference_grid/career_fixture_30_2_pool1/rival
ok reference_grid/career_fixture_30_2_pool2/arena
ok reference_grid/career_fixture_30_2_pool2/rival
ok reference_grid/career_fixture_30_2_pool3/arena
ok reference_grid/career_fixture_30_2_pool3/rival
ok reference_grid/career_fixture_30_2_pool4/arena
ok reference_grid/career_fixture_30_2_pool4/rival
ok reference_grid/career_fixture_30_2_pool9/arena
ok reference_grid/career_fixture_30_2_pool9/rival
ok reference_grid/career_fixture_31_0_pool0/arena
ok reference_grid/career_fixture_31_0_pool0/rival
ok reference_grid/career_fixture_31_0_pool1/arena
ok reference_grid/career_fixture_31_0_pool1/rival
ok reference_grid/career_fixture_31_0_pool2/arena
ok reference_grid/career_fixture_31_0_pool2/rival
ok reference_grid/career_fixture_31_0_pool3/arena
ok reference_grid/career_fixture_31_0_pool3/rival
ok reference_grid/career_fixture_31_0_pool4/arena
ok reference_grid/career_fixture_31_0_pool4/rival
ok reference_grid/career_fixture_31_0_pool9/arena
ok reference_grid/career_fixture_31_0_pool9/rival
ok reference_grid/career_fixture_31_1_pool0/arena
ok reference_grid/career_fixture_31_1_pool0/rival
ok reference_grid/career_fixture_31_1_pool1/arena
ok reference_grid/career_fixture_31_1_pool1/rival
ok reference_grid/career_fixture_31_1_pool2/arena
ok reference_grid/career_fixture_31_1_pool2/rival
ok reference_grid/career_fixture_31_1_pool3/arena
ok reference_grid/career_fixture_31_1_pool3/rival
ok reference_grid/career_fixture_31_1_pool4/arena
ok reference_grid/career_fixture_31_1_pool4/rival
ok reference_grid/career_fixture_31_1_pool9/arena
ok reference_grid/career_fixture_31_1_pool9/rival
ok reference_grid/career_fixture_31_2_pool0/arena
ok reference_grid/career_fixture_31_2_pool0/rival
ok reference_grid/career_fixture_31_2_pool1/arena
ok reference_grid/career_fixture_31_2_pool1/rival
ok reference_grid/career_fixture_31_2_pool2/arena
ok reference_grid/career_fixture_31_2_pool2/rival
ok reference_grid/career_fixture_31_2_pool3/arena
ok reference_grid/career_fixture_31_2_pool3/rival
ok reference_grid/career_fixture_31_2_pool4/arena
ok reference_grid/career_fixture_31_2_pool4/rival
ok reference_grid/career_fixture_31_2_pool9/arena
ok reference_grid/career_fixture_31_2_pool9/rival
ok reference_grid/career_fixture_32_0_pool0/arena
ok reference_grid/career_fixture_32_0_pool0/rival
ok reference_grid/career_fixture_32_0_pool1/arena
ok reference_grid/career_fixture_32_0_pool1/rival
ok reference_grid/career_fixture_32_0_pool2/arena
ok reference_grid/career_fixture_32_0_pool2/rival
ok reference_grid/career_fixture_32_0_pool3/arena
ok reference_grid/career_fixture_32_0_pool3/rival
ok reference_grid/career_fixture_32_0_pool4/arena
ok reference_grid/career_fixture_32_0_pool4/rival
ok reference_grid/career_fixture_32_0_pool9/arena
ok reference_grid/career_fixture_32_0_pool9/rival
ok reference_grid/career_fixture_32_1_pool0/arena
ok reference_grid/career_fixture_32_1_pool0/rival
ok reference_grid/career_fixture_32_1_pool1/arena
ok reference_grid/career_fixture_32_1_pool1/rival
ok reference_grid/career_fixture_32_1_pool2/arena
ok reference_grid/career_fixture_32_1_pool2/rival
ok reference_grid/career_fixture_32_1_pool3/arena
ok reference_grid/career_fixture_32_1_pool3/rival
ok reference_grid/career_fixture_32_1_pool4/arena
ok reference_grid/career_fixture_32_1_pool4/rival
ok reference_grid/career_fixture_32_1_pool9/arena
ok reference_grid/career_fixture_32_1_pool9/rival
ok reference_grid/career_fixture_32_2_pool0/arena
ok reference_grid/career_fixture_32_2_pool0/rival
ok reference_grid/career_fixture_32_2_pool1/arena
ok reference_grid/career_fixture_32_2_pool1/rival
ok reference_grid/career_fixture_32_2_pool2/arena
ok reference_grid/career_fixture_32_2_pool2/rival
ok reference_grid/career_fixture_32_2_pool3/arena
ok reference_grid/career_fixture_32_2_pool3/rival
ok reference_grid/career_fixture_32_2_pool4/arena
ok reference_grid/career_fixture_32_2_pool4/rival
ok reference_grid/career_fixture_32_2_pool9/arena
ok reference_grid/career_fixture_32_2_pool9/rival
ok reference_grid/career_fixture_33_0_pool0/arena
ok reference_grid/career_fixture_33_0_pool0/rival
ok reference_grid/career_fixture_33_0_pool1/arena
ok reference_grid/career_fixture_33_0_pool1/rival
ok reference_grid/career_fixture_33_0_pool2/arena
ok reference_grid/career_fixture_33_0_pool2/rival
ok reference_grid/career_fixture_33_0_pool3/arena
ok reference_grid/career_fixture_33_0_pool3/rival
ok reference_grid/career_fixture_33_0_pool4/arena
ok reference_grid/career_fixture_33_0_pool4/rival
ok reference_grid/career_fixture_33_0_pool9/arena
ok reference_grid/career_fixture_33_0_pool9/rival
ok reference_grid/career_fixture_33_1_pool0/arena
ok reference_grid/career_fixture_33_1_pool0/rival
ok reference_grid/career_fixture_33_1_pool1/arena
ok reference_grid/career_fixture_33_1_pool1/rival
ok reference_grid/career_fixture_33_1_pool2/arena
ok reference_grid/career_fixture_33_1_pool2/rival
ok reference_grid/career_fixture_33_1_pool3/arena
ok reference_grid/career_fixture_33_1_pool3/rival
ok reference_grid/career_fixture_33_1_pool4/arena
ok reference_grid/career_fixture_33_1_pool4/rival
ok reference_grid/career_fixture_33_1_pool9/arena
ok reference_grid/career_fixture_33_1_pool9/rival
ok reference_grid/career_fixture_33_2_pool0/arena
ok reference_grid/career_fixture_33_2_pool0/rival
ok reference_grid/career_fixture_33_2_pool1/arena
ok reference_grid/career_fixture_33_2_pool1/rival
ok reference_grid/career_fixture_33_2_pool2/arena
ok reference_grid/career_fixture_33_2_pool2/rival
ok reference_grid/career_fixture_33_2_pool3/arena
ok reference_grid/career_fixture_33_2_pool3/rival
ok reference_grid/career_fixture_33_2_pool4/arena
ok reference_grid/career_fixture_33_2_pool4/rival
ok reference_grid/career_fixture_33_2_pool9/arena
ok reference_grid/career_fixture_33_2_pool9/rival
ok reference_grid/career_fixture_34_0_pool0/arena
ok reference_grid/career_fixture_34_0_pool0/rival
ok reference_grid/career_fixture_34_0_pool1/arena
ok reference_grid/career_fixture_34_0_pool1/rival
ok reference_grid/career_fixture_34_0_pool2/arena
ok reference_grid/career_fixture_34_0_pool2/rival
ok reference_grid/career_fixture_34_0_pool3/arena
ok reference_grid/career_fixture_34_0_pool3/rival
ok reference_grid/career_fixture_34_0_pool4/arena
ok reference_grid/career_fixture_34_0_pool4/rival
ok reference_grid/career_fixture_34_0_pool9/arena
ok reference_grid/career_fixture_34_0_pool9/rival
ok reference_grid/career_fixture_34_1_pool0/arena
ok reference_grid/career_fixture_34_1_pool0/rival
ok reference_grid/career_fixture_34_1_pool1/arena
ok reference_grid/career_fixture_34_1_pool1/rival
ok reference_grid/career_fixture_34_1_pool2/arena
ok reference_grid/career_fixture_34_1_pool2/rival
ok reference_grid/career_fixture_34_1_pool3/arena
ok reference_grid/career_fixture_34_1_pool3/rival
ok reference_grid/career_fixture_34_1_pool4/arena
ok reference_grid/career_fixture_34_1_pool4/rival
ok reference_grid/career_fixture_34_1_pool9/arena
ok reference_grid/career_fixture_34_1_pool9/rival
ok reference_grid/career_fixture_34_2_pool0/arena
ok reference_grid/career_fixture_34_2_pool0/rival
ok reference_grid/career_fixture_34_2_pool1/arena
ok reference_grid/career_fixture_34_2_pool1/rival
ok reference_grid/career_fixture_34_2_pool2/arena
ok reference_grid/career_fixture_34_2_pool2/rival
ok reference_grid/career_fixture_34_2_pool3/arena
ok reference_grid/career_fixture_34_2_pool3/rival
ok reference_grid/career_fixture_34_2_pool4/arena
ok reference_grid/career_fixture_34_2_pool4/rival
ok reference_grid/career_fixture_34_2_pool9/arena
ok reference_grid/career_fixture_34_2_pool9/rival
ok reference_grid/career_fixture_35_0_pool0/arena
ok reference_grid/career_fixture_35_0_pool0/rival
ok reference_grid/career_fixture_35_0_pool1/arena
ok reference_grid/career_fixture_35_0_pool1/rival
ok reference_grid/career_fixture_35_0_pool2/arena
ok reference_grid/career_fixture_35_0_pool2/rival
ok reference_grid/career_fixture_35_0_pool3/arena
ok reference_grid/career_fixture_35_0_pool3/rival
ok reference_grid/career_fixture_35_0_pool4/arena
ok reference_grid/career_fixture_35_0_pool4/rival
ok reference_grid/career_fixture_35_0_pool9/arena
ok reference_grid/career_fixture_35_0_pool9/rival
ok reference_grid/career_fixture_35_1_pool0/arena
ok reference_grid/career_fixture_35_1_pool0/rival
ok reference_grid/career_fixture_35_1_pool1/arena
ok reference_grid/career_fixture_35_1_pool1/rival
ok reference_grid/career_fixture_35_1_pool2/arena
ok reference_grid/career_fixture_35_1_pool2/rival
ok reference_grid/career_fixture_35_1_pool3/arena
ok reference_grid/career_fixture_35_1_pool3/rival
ok reference_grid/career_fixture_35_1_pool4/arena
ok reference_grid/career_fixture_35_1_pool4/rival
ok reference_grid/career_fixture_35_1_pool9/arena
ok reference_grid/career_fixture_35_1_pool9/rival
ok reference_grid/career_fixture_35_2_pool0/arena
ok reference_grid/career_fixture_35_2_pool0/rival
ok reference_grid/career_fixture_35_2_pool1/arena
ok reference_grid/career_fixture_35_2_pool1/rival
ok reference_grid/career_fixture_35_2_pool2/arena
ok reference_grid/career_fixture_35_2_pool2/rival
ok reference_grid/career_fixture_35_2_pool3/arena
ok reference_grid/career_fixture_35_2_pool3/rival
ok reference_grid/career_fixture_35_2_pool4/arena
ok reference_grid/career_fixture_35_2_pool4/rival
ok reference_grid/career_fixture_35_2_pool9/arena
ok reference_grid/career_fixture_35_2_pool9/rival
ok reference_grid/career_fixture_36_0_pool0/arena
ok reference_grid/career_fixture_36_0_pool0/rival
ok reference_grid/career_fixture_36_0_pool1/arena
ok reference_grid/career_fixture_36_0_pool1/rival
ok reference_grid/career_fixture_36_0_pool2/arena
ok reference_grid/career_fixture_36_0_pool2/rival
ok reference_grid/career_fixture_36_0_pool3/arena
ok reference_grid/career_fixture_36_0_pool3/rival
ok reference_grid/career_fixture_36_0_pool4/arena
ok reference_grid/career_fixture_36_0_pool4/rival
ok reference_grid/career_fixture_36_0_pool9/arena
ok reference_grid/career_fixture_36_0_pool9/rival
ok reference_grid/career_fixture_36_1_pool0/arena
ok reference_grid/career_fixture_36_1_pool0/rival
ok reference_grid/career_fixture_36_1_pool1/arena
ok reference_grid/career_fixture_36_1_pool1/rival
ok reference_grid/career_fixture_36_1_pool2/arena
ok reference_grid/career_fixture_36_1_pool2/rival
ok reference_grid/career_fixture_36_1_pool3/arena
ok reference_grid/career_fixture_36_1_pool3/rival
ok reference_grid/career_fixture_36_1_pool4/arena
ok reference_grid/career_fixture_36_1_pool4/rival
ok reference_grid/career_fixture_36_1_pool9/arena
ok reference_grid/career_fixture_36_1_pool9/rival
ok reference_grid/career_fixture_36_2_pool0/arena
ok reference_grid/career_fixture_36_2_pool0/rival
ok reference_grid/career_fixture_36_2_pool1/arena
ok reference_grid/career_fixture_36_2_pool1/rival
ok reference_grid/career_fixture_36_2_pool2/arena
ok reference_grid/career_fixture_36_2_pool2/rival
ok reference_grid/career_fixture_36_2_pool3/arena
ok reference_grid/career_fixture_36_2_pool3/rival
ok reference_grid/career_fixture_36_2_pool4/arena
ok reference_grid/career_fixture_36_2_pool4/rival
ok reference_grid/career_fixture_36_2_pool9/arena
ok reference_grid/career_fixture_36_2_pool9/rival
ok reference_grid/career_fixture_37_0_pool0/arena
ok reference_grid/career_fixture_37_0_pool0/rival
ok reference_grid/career_fixture_37_0_pool1/arena
ok reference_grid/career_fixture_37_0_pool1/rival
ok reference_grid/career_fixture_37_0_pool2/arena
ok reference_grid/career_fixture_37_0_pool2/rival
ok reference_grid/career_fixture_37_0_pool3/arena
ok reference_grid/career_fixture_37_0_pool3/rival
ok reference_grid/career_fixture_37_0_pool4/arena
ok reference_grid/career_fixture_37_0_pool4/rival
ok reference_grid/career_fixture_37_0_pool9/arena
ok reference_grid/career_fixture_37_0_pool9/rival
ok reference_grid/career_fixture_37_1_pool0/arena
ok reference_grid/career_fixture_37_1_pool0/rival
ok reference_grid/career_fixture_37_1_pool1/arena
ok reference_grid/career_fixture_37_1_pool1/rival
ok reference_grid/career_fixture_37_1_pool2/arena
ok reference_grid/career_fixture_37_1_pool2/rival
ok reference_grid/career_fixture_37_1_pool3/arena
ok reference_grid/career_fixture_37_1_pool3/rival
ok reference_grid/career_fixture_37_1_pool4/arena
ok reference_grid/career_fixture_37_1_pool4/rival
ok reference_grid/career_fixture_37_1_pool9/arena
ok reference_grid/career_fixture_37_1_pool9/rival
ok reference_grid/career_fixture_37_2_pool0/arena
ok reference_grid/career_fixture_37_2_pool0/rival
ok reference_grid/career_fixture_37_2_pool1/arena
ok reference_grid/career_fixture_37_2_pool1/rival
ok reference_grid/career_fixture_37_2_pool2/arena
ok reference_grid/career_fixture_37_2_pool2/rival
ok reference_grid/career_fixture_37_2_pool3/arena
ok reference_grid/career_fixture_37_2_pool3/rival
ok reference_grid/career_fixture_37_2_pool4/arena
ok reference_grid/career_fixture_37_2_pool4/rival
ok reference_grid/career_fixture_37_2_pool9/arena
ok reference_grid/career_fixture_37_2_pool9/rival
ok reference_grid/career_fixture_38_0_pool0/arena
ok reference_grid/career_fixture_38_0_pool0/rival
ok reference_grid/career_fixture_38_0_pool1/arena
ok reference_grid/career_fixture_38_0_pool1/rival
ok reference_grid/career_fixture_38_0_pool2/arena
ok reference_grid/career_fixture_38_0_pool2/rival
ok reference_grid/career_fixture_38_0_pool3/arena
ok reference_grid/career_fixture_38_0_pool3/rival
ok reference_grid/career_fixture_38_0_pool4/arena
ok reference_grid/career_fixture_38_0_pool4/rival
ok reference_grid/career_fixture_38_0_pool9/arena
ok reference_grid/career_fixture_38_0_pool9/rival
ok reference_grid/career_fixture_38_1_pool0/arena
ok reference_grid/career_fixture_38_1_pool0/rival
ok reference_grid/career_fixture_38_1_pool1/arena
ok reference_grid/career_fixture_38_1_pool1/rival
ok reference_grid/career_fixture_38_1_pool2/arena
ok reference_grid/career_fixture_38_1_pool2/rival
ok reference_grid/career_fixture_38_1_pool3/arena
ok reference_grid/career_fixture_38_1_pool3/rival
ok reference_grid/career_fixture_38_1_pool4/arena
ok reference_grid/career_fixture_38_1_pool4/rival
ok reference_grid/career_fixture_38_1_pool9/arena
ok reference_grid/career_fixture_38_1_pool9/rival
ok reference_grid/career_fixture_38_2_pool0/arena
ok reference_grid/career_fixture_38_2_pool0/rival
ok reference_grid/career_fixture_38_2_pool1/arena
ok reference_grid/career_fixture_38_2_pool1/rival
ok reference_grid/career_fixture_38_2_pool2/arena
ok reference_grid/career_fixture_38_2_pool2/rival
ok reference_grid/career_fixture_38_2_pool3/arena
ok reference_grid/career_fixture_38_2_pool3/rival
ok reference_grid/career_fixture_38_2_pool4/arena
ok reference_grid/career_fixture_38_2_pool4/rival
ok reference_grid/career_fixture_38_2_pool9/arena
ok reference_grid/career_fixture_38_2_pool9/rival
ok reference_grid/career_fixture_39_0_pool0/arena
ok reference_grid/career_fixture_39_0_pool0/rival
ok reference_grid/career_fixture_39_0_pool1/arena
ok reference_grid/career_fixture_39_0_pool1/rival
ok reference_grid/career_fixture_39_0_pool2/arena
ok reference_grid/career_fixture_39_0_pool2/rival
ok reference_grid/career_fixture_39_0_pool3/arena
ok reference_grid/career_fixture_39_0_pool3/rival
ok reference_grid/career_fixture_39_0_pool4/arena
ok reference_grid/career_fixture_39_0_pool4/rival
ok reference_grid/career_fixture_39_0_pool9/arena
ok reference_grid/career_fixture_39_0_pool9/rival
ok reference_grid/career_fixture_39_1_pool0/arena
ok reference_grid/career_fixture_39_1_pool0/rival
ok reference_grid/career_fixture_39_1_pool1/arena
ok reference_grid/career_fixture_39_1_pool1/rival
ok reference_grid/career_fixture_39_1_pool2/arena
ok reference_grid/career_fixture_39_1_pool2/rival
ok reference_grid/career_fixture_39_1_pool3/arena
ok reference_grid/career_fixture_39_1_pool3/rival
ok reference_grid/career_fixture_39_1_pool4/arena
ok reference_grid/career_fixture_39_1_pool4/rival
ok reference_grid/career_fixture_39_1_pool9/arena
ok reference_grid/career_fixture_39_1_pool9/rival
ok reference_grid/career_fixture_39_2_pool0/arena
ok reference_grid/career_fixture_39_2_pool0/rival
ok reference_grid/career_fixture_39_2_pool1/arena
ok reference_grid/career_fixture_39_2_pool1/rival
ok reference_grid/career_fixture_39_2_pool2/arena
ok reference_grid/career_fixture_39_2_pool2/rival
ok reference_grid/career_fixture_39_2_pool3/arena
ok reference_grid/career_fixture_39_2_pool3/rival
ok reference_grid/career_fixture_39_2_pool4/arena
ok reference_grid/career_fixture_39_2_pool4/rival
ok reference_grid/career_fixture_39_2_pool9/arena
ok reference_grid/career_fixture_39_2_pool9/rival
ok reference_grid/career_fixture_40_0_pool0/arena
ok reference_grid/career_fixture_40_0_pool0/rival
ok reference_grid/career_fixture_40_0_pool1/arena
ok reference_grid/career_fixture_40_0_pool1/rival
ok reference_grid/career_fixture_40_0_pool2/arena
ok reference_grid/career_fixture_40_0_pool2/rival
ok reference_grid/career_fixture_40_0_pool3/arena
ok reference_grid/career_fixture_40_0_pool3/rival
ok reference_grid/career_fixture_40_0_pool4/arena
ok reference_grid/career_fixture_40_0_pool4/rival
ok reference_grid/career_fixture_40_0_pool9/arena
ok reference_grid/career_fixture_40_0_pool9/rival
ok reference_grid/career_fixture_40_1_pool0/arena
ok reference_grid/career_fixture_40_1_pool0/rival
ok reference_grid/career_fixture_40_1_pool1/arena
ok reference_grid/career_fixture_40_1_pool1/rival
ok reference_grid/career_fixture_40_1_pool2/arena
ok reference_grid/career_fixture_40_1_pool2/rival
ok reference_grid/career_fixture_40_1_pool3/arena
ok reference_grid/career_fixture_40_1_pool3/rival
ok reference_grid/career_fixture_40_1_pool4/arena
ok reference_grid/career_fixture_40_1_pool4/rival
ok reference_grid/career_fixture_40_1_pool9/arena
ok reference_grid/career_fixture_40_1_pool9/rival
ok reference_grid/career_fixture_40_2_pool0/arena
ok reference_grid/career_fixture_40_2_pool0/rival
ok reference_grid/career_fixture_40_2_pool1/arena
ok reference_grid/career_fixture_40_2_pool1/rival
ok reference_grid/career_fixture_40_2_pool2/arena
ok reference_grid/career_fixture_40_2_pool2/rival
ok reference_grid/career_fixture_40_2_pool3/arena
ok reference_grid/career_fixture_40_2_pool3/rival
ok reference_grid/career_fixture_40_2_pool4/arena
ok reference_grid/career_fixture_40_2_pool4/rival
ok reference_grid/career_fixture_40_2_pool9/arena
ok reference_grid/career_fixture_40_2_pool9/rival
ok reference_grid/tournament_fixture_round0_pool0
ok reference_grid/tournament_fixture_round0_pool1
ok reference_grid/tournament_fixture_round0_pool2
ok reference_grid/tournament_fixture_round0_pool3
ok reference_grid/tournament_fixture_round0_pool4
ok reference_grid/tournament_fixture_round0_pool9
ok reference_grid/tournament_fixture_round1_pool0
ok reference_grid/tournament_fixture_round1_pool1
ok reference_grid/tournament_fixture_round1_pool2
ok reference_grid/tournament_fixture_round1_pool3
ok reference_grid/tournament_fixture_round1_pool4
ok reference_grid/tournament_fixture_round1_pool9
ok reference_grid/tournament_fixture_round2_pool0
ok reference_grid/tournament_fixture_round2_pool1
ok reference_grid/tournament_fixture_round2_pool2
ok reference_grid/tournament_fixture_round2_pool3
ok reference_grid/tournament_fixture_round2_pool4
ok reference_grid/tournament_fixture_round2_pool9
ok reference_grid/tournament_fixture_round3_pool0
ok reference_grid/tournament_fixture_round3_pool1
ok reference_grid/tournament_fixture_round3_pool2
ok reference_grid/tournament_fixture_round3_pool3
ok reference_grid/tournament_fixture_round3_pool4
ok reference_grid/tournament_fixture_round3_pool9
ok reference_grid/tournament_fixture_round4_pool0
ok reference_grid/tournament_fixture_round4_pool1
ok reference_grid/tournament_fixture_round4_pool2
ok reference_grid/tournament_fixture_round4_pool3
ok reference_grid/tournament_fixture_round4_pool4
ok reference_grid/tournament_fixture_round4_pool9
ok reference_grid/table_and_grid_come_from_the_same_data_js
ok reference_grid/empty_progress_has_a_key_per_metric
ok reference_grid (3130 checks, 23 ms)
# audit career (res://tests/modes/career_audit.gd)
ok career/season_1/smashWins/target_within_the_ceiling
ok career/season_1/winners/target_within_the_ceiling
ok career/season_1/winRally/target_within_the_ceiling
ok career/season_1/match_1/bonus_noDoubleFault_ceilings
ok career/season_1/match_2/bonus_winRally_ceilings
ok career/season_1/match_3/bonus_winners_ceilings
ok career/season_2/winners/target_within_the_ceiling
ok career/season_2/winRally/target_within_the_ceiling
ok career/season_2/noDoubleFault/target_not_negative
ok career/season_2/noDoubleFault/max_below_the_ceiling
ok career/season_2/match_1/bonus_winRally_ceilings
ok career/season_2/match_2/bonus_winners_ceilings
ok career/season_2/match_3/bonus_smashWins_ceilings
ok career/season_3/winRally/target_within_the_ceiling
ok career/season_3/noDoubleFault/target_not_negative
ok career/season_3/noDoubleFault/max_below_the_ceiling
ok career/season_3/winPoints/target_within_the_ceiling
ok career/season_3/match_1/bonus_winners_ceilings
ok career/season_3/match_2/bonus_smashWins_ceilings
ok career/season_3/match_3/bonus_noDoubleFault_ceilings
ok career/season_4/noDoubleFault/target_not_negative
ok career/season_4/noDoubleFault/max_below_the_ceiling
ok career/season_4/winPoints/target_within_the_ceiling
ok career/season_4/fewErrors/target_not_negative
ok career/season_4/fewErrors/max_below_the_ceiling
ok career/season_4/match_1/bonus_smashWins_ceilings
ok career/season_4/match_2/bonus_noDoubleFault_ceilings
ok career/season_4/match_3/bonus_winRally_ceilings
ok career/season_5/winPoints/target_within_the_ceiling
ok career/season_5/fewErrors/target_not_negative
ok career/season_5/fewErrors/max_below_the_ceiling
ok career/season_5/smashWins/target_within_the_ceiling
ok career/season_5/match_1/bonus_noDoubleFault_ceilings
ok career/season_5/match_2/bonus_winRally_ceilings
ok career/season_5/match_3/bonus_winners_ceilings
ok career/season_6/fewErrors/target_not_negative
ok career/season_6/fewErrors/max_below_the_ceiling
ok career/season_6/smashWins/target_within_the_ceiling
ok career/season_6/winners/target_within_the_ceiling
ok career/season_6/match_1/bonus_winRally_ceilings
ok career/season_6/match_2/bonus_winners_ceilings
ok career/season_6/match_3/bonus_smashWins_ceilings
ok career/season_7/smashWins/target_within_the_ceiling
ok career/season_7/winners/target_within_the_ceiling
ok career/season_7/winRally/target_within_the_ceiling
ok career/season_7/match_1/bonus_winners_ceilings
ok career/season_7/match_2/bonus_smashWins_ceilings
ok career/season_7/match_3/bonus_noDoubleFault_ceilings
ok career/season_8/winners/target_within_the_ceiling
ok career/season_8/winRally/target_within_the_ceiling
ok career/season_8/noDoubleFault/target_not_negative
ok career/season_8/noDoubleFault/max_below_the_ceiling
ok career/season_8/match_1/bonus_smashWins_ceilings
ok career/season_8/match_2/bonus_noDoubleFault_ceilings
ok career/season_8/match_3/bonus_winRally_ceilings
ok career/season_9/winRally/target_within_the_ceiling
ok career/season_9/noDoubleFault/target_not_negative
ok career/season_9/noDoubleFault/max_below_the_ceiling
ok career/season_9/winPoints/target_within_the_ceiling
ok career/season_9/match_1/bonus_noDoubleFault_ceilings
ok career/season_9/match_2/bonus_winRally_ceilings
ok career/season_9/match_3/bonus_winners_ceilings
ok career/season_10/noDoubleFault/target_not_negative
ok career/season_10/noDoubleFault/max_below_the_ceiling
ok career/season_10/winPoints/target_within_the_ceiling
ok career/season_10/fewErrors/target_not_negative
ok career/season_10/fewErrors/max_below_the_ceiling
ok career/season_10/match_1/bonus_winRally_ceilings
ok career/season_10/match_2/bonus_winners_ceilings
ok career/season_10/match_3/bonus_smashWins_ceilings
ok career/season_11/winPoints/target_within_the_ceiling
ok career/season_11/fewErrors/target_not_negative
ok career/season_11/fewErrors/max_below_the_ceiling
ok career/season_11/smashWins/target_within_the_ceiling
ok career/season_11/match_1/bonus_winners_ceilings
ok career/season_11/match_2/bonus_smashWins_ceilings
ok career/season_11/match_3/bonus_noDoubleFault_ceilings
ok career/season_12/fewErrors/target_not_negative
ok career/season_12/fewErrors/max_below_the_ceiling
ok career/season_12/smashWins/target_within_the_ceiling
ok career/season_12/winners/target_within_the_ceiling
ok career/season_12/match_1/bonus_smashWins_ceilings
ok career/season_12/match_2/bonus_noDoubleFault_ceilings
ok career/season_12/match_3/bonus_winRally_ceilings
ok career/objective_smashWins_appears_in_twelve_seasons
ok career/objective_noDoubleFault_appears_in_twelve_seasons
ok career/objective_winPoints_appears_in_twelve_seasons
ok career/objective_winRally_appears_in_twelve_seasons
ok career/objective_winners_appears_in_twelve_seasons
ok career/objective_fewErrors_appears_in_twelve_seasons
ok career/metric_of_smashWins_has_an_aggregation_rule
ok career/smashWins_does_not_declare_its_own_agg
ok career/metric_of_noDoubleFault_has_an_aggregation_rule
ok career/noDoubleFault_does_not_declare_its_own_agg
ok career/metric_of_winPoints_has_an_aggregation_rule
ok career/winPoints_does_not_declare_its_own_agg
ok career/metric_of_winRally_has_an_aggregation_rule
ok career/winRally_does_not_declare_its_own_agg
ok career/metric_of_winners_has_an_aggregation_rule
ok career/winners_does_not_declare_its_own_agg
ok career/metric_of_fewErrors_has_an_aggregation_rule
ok career/fewErrors_does_not_declare_its_own_agg
ok career/metric_pointsWon_is_read_by_an_objective
ok career/metric_winners_is_read_by_an_objective
ok career/metric_smashWinners_is_read_by_an_objective
ok career/metric_errors_is_read_by_an_objective
ok career/metric_doubleFaults_is_read_by_an_objective
ok career/metric_longestRally_is_read_by_an_objective
ok career/repeating_a_season_pays_30_bonus_plus_3
ok career/advancing_pays_more_than_staying
ok career/farmer_never_leaves_season_1
ok career/climber_advances_one_season_per_cycle
ok career/farmer_wins_no_trophy
ok career/climber_wins_every_trophy
ok career/season_1/skill_within_cap
ok career/season_1/speed_within_cap
ok career/season_1/power_within_cap
ok career/season_1/skill_does_not_fall_inside
ok career/season_2/skill_within_cap
ok career/season_2/speed_within_cap
ok career/season_2/power_within_cap
ok career/season_2/skill_does_not_fall_inside
ok career/season_2_skill_not_easier_than_1
ok career/season_2_speed_not_easier_than_1
ok career/season_3/skill_within_cap
ok career/season_3/speed_within_cap
ok career/season_3/power_within_cap
ok career/season_3/skill_does_not_fall_inside
ok career/season_3_skill_not_easier_than_2
ok career/season_3_speed_not_easier_than_2
ok career/season_4/skill_within_cap
ok career/season_4/speed_within_cap
ok career/season_4/power_within_cap
ok career/season_4/skill_does_not_fall_inside
ok career/season_4_skill_not_easier_than_3
ok career/season_4_speed_not_easier_than_3
ok career/season_5/skill_within_cap
ok career/season_5/speed_within_cap
ok career/season_5/power_within_cap
ok career/season_5/skill_does_not_fall_inside
ok career/season_5_skill_not_easier_than_4
ok career/season_5_speed_not_easier_than_4
ok career/season_8/skill_within_cap
ok career/season_8/speed_within_cap
ok career/season_8/power_within_cap
ok career/season_8/skill_does_not_fall_inside
ok career/season_8_skill_not_easier_than_5
ok career/season_8_speed_not_easier_than_5
ok career/season_12/skill_within_cap
ok career/season_12/speed_within_cap
ok career/season_12/power_within_cap
ok career/season_12/skill_does_not_fall_inside
ok career/season_12_skill_not_easier_than_8
ok career/season_12_speed_not_easier_than_8
ok career/season_20/skill_within_cap
ok career/season_20/speed_within_cap
ok career/season_20/power_within_cap
ok career/season_20/skill_does_not_fall_inside
ok career/season_20_skill_not_easier_than_12
ok career/season_20_speed_not_easier_than_12
ok career/season_40/skill_within_cap
ok career/season_40/speed_within_cap
ok career/season_40/power_within_cap
ok career/season_40/skill_does_not_fall_inside
ok career/season_40_skill_not_easier_than_20
ok career/season_40_speed_not_easier_than_20
ok career/season_120/skill_within_cap
ok career/season_120/speed_within_cap
ok career/season_120/power_within_cap
ok career/season_120/skill_does_not_fall_inside
ok career/season_120_skill_not_easier_than_40
ok career/season_120_speed_not_easier_than_40
ok career/speed_cap_within_60_of_the_legend
ok career/every_ai_tier_is_a_rung_of_the_circuit
ok career/final_season_not_before_the_last_rival
ok career/season_1_calendar_does_not_repeat_a_court
ok career/season_2_calendar_does_not_repeat_a_court
ok career/season_3_calendar_does_not_repeat_a_court
ok career/season_4_calendar_does_not_repeat_a_court
ok career/season_5_calendar_does_not_repeat_a_court
ok career/season_6_calendar_does_not_repeat_a_court
ok career/season_7_calendar_does_not_repeat_a_court
ok career/season_8_calendar_does_not_repeat_a_court
ok career/season_9_calendar_does_not_repeat_a_court
ok career/season_10_calendar_does_not_repeat_a_court
ok career/season_11_calendar_does_not_repeat_a_court
ok career/season_12_calendar_does_not_repeat_a_court
ok career/one_arena_calendar_uses_it
ok career/empty_arena_list_falls_back_to_all
ok career/perfect_match_pays_bonus_plus_three_season_stars
ok career/perfect_match_pays_the_bonus
ok career/perfect_match_pays_three_season_objectives
ok career/replayed_match_pays_only_the_bonus
ok career/claimed_objectives_are_not_paid_twice
ok career/stars_are_the_sum_of_the_two_awards
ok career/season_still_running_after_match_1
ok career/season_still_running_after_match_2
ok career/lost_season_repeats
ok career/repeat_keeps_the_season
ok career/three_wins_pay_a_trophy
ok career/trophy_advances_the_season
ok career/trophy_increments_the_trophy_count
ok career/trophy_flags_the_season_as_won
ok career/two_wins_promote
ok career/promotion_advances_the_season
ok career/promotion_pays_no_trophy
ok career/final_season_won_is_the_finale
ok career/finale_is_marked_as_seen
ok career/finale_advances_past_the_final_season
ok career/best_season_follows_the_finale
ok career/finale_is_seen_once
ok career/third_win_is_a_career_trophy
ok career/lost_third_match_is_no_trophy
ok career/tournament_final_is_a_trophy
ok career/tournament_semi_is_no_trophy
ok career/quick_match_is_no_trophy
ok career/perfect_win_wins_at_least_one_outfit
ok career/the_first_rung_outfit_is_unlocked
ok career/an_outfit_is_never_won_twice
ok career/athlete_wins_are_counted
ok career/objectives_signature_matches_the_reference_triple
ok career/a_retuned_triple_is_regenerated
ok career/regeneration_restarts_the_season_stars
ok career/a_matching_triple_is_not_regenerated
ok career/claimed_flags_survive_a_regeneration
# report seasons=12
# report s1:smashWins=4/33.0 winners=10/33.0 winRally=10/inf
# report s2:winners=11/33.0 winRally=11/inf noDoubleFault=2/11.0
# report s3:winRally=12/inf noDoubleFault=2/11.0 winPoints=24/33.0
# report s4:noDoubleFault=1/11.0 winPoints=25/33.0 fewErrors=5/11.0
# report s5:winPoints=26/33.0 fewErrors=4/11.0 smashWins=8/33.0
# report s6:fewErrors=3/11.0 smashWins=9/33.0 winners=15/33.0
# report s7:smashWins=10/33.0 winners=16/33.0 winRally=16/inf
# report s8:winners=16/33.0 winRally=16/inf noDoubleFault=0/11.0
# report s9:winRally=16/inf noDoubleFault=0/11.0 winPoints=28/33.0
# report s10:noDoubleFault=0/11.0 winPoints=28/33.0 fewErrors=3/11.0
# report s11:winPoints=28/33.0 fewErrors=3/11.0 smashWins=10/33.0
# report s12:fewErrors=3/11.0 smashWins=10/33.0 winners=16/33.0
ok career (225 checks, 5 ms)
# audit drill (res://tests/modes/drill_audit.gd)
ok drill/step_delegates_to_the_engine_the_drill_imports_it
ok drill/the_single_line_where_a_drill_step_becomes_an_engine_step
ok drill/no_self_integrated_ball_flight_in_the_drill_sources
# report drill_sources_bytes=27190
ok drill/state_has_arena
ok drill/state_has_athlete
ok drill/state_has_rallyEnergy
ok drill/state_has_stats
ok drill/state_has_player
ok drill/state_has_opponent
ok drill/state_has_ball
ok drill/athlete_carries_its_stats
ok drill/arena_carries_the_glass_physics
ok drill/state_declares_its_mode
ok drill/a_point_cannot_close_the_session
ok drill/precision/first_command_starts_the_attempt
ok drill/precision/the_engine_put_the_ball_in_play
ok drill/precision/a_target_was_placed
ok drill/precision/the_target_sits_in_the_opponents_half
ok drill/precision/an_attempt_closes_within_20_simulated_seconds
ok drill/precision/the_attempt_was_counted_once
ok drill/precision/points_are_valid
ok drill/precision/the_score_is_numeric
ok drill/precision/the_hud_wants_four_metrics
ok drill/precision/every_metric_is_populated
ok drill/smash/first_command_starts_the_attempt
ok drill/smash/the_engine_put_the_ball_in_play
ok drill/smash/an_attempt_closes_within_20_simulated_seconds
ok drill/smash/the_attempt_was_counted_once
ok drill/smash/points_are_valid
ok drill/smash/the_score_is_numeric
ok drill/smash/the_hud_wants_four_metrics
ok drill/smash/every_metric_is_populated
ok drill/rally/first_command_starts_the_attempt
ok drill/rally/the_engine_put_the_ball_in_play
ok drill/rally/an_attempt_closes_within_20_simulated_seconds
ok drill/rally/the_attempt_was_counted_once
ok drill/rally/points_are_valid
ok drill/rally/the_score_is_numeric
ok drill/rally/the_hud_wants_four_metrics
ok drill/rally/every_metric_is_populated
ok drill/serve/first_command_starts_the_attempt
ok drill/serve/the_engine_prepared_the_serve
ok drill/serve/an_attempt_closes_within_20_simulated_seconds
ok drill/serve/the_attempt_was_counted_once
ok drill/serve/points_are_valid
ok drill/serve/the_score_is_numeric
ok drill/serve/the_hud_wants_four_metrics
ok drill/serve/every_metric_is_populated
ok drill/precision/opponents_stay_frozen_or_they_intercept
ok drill/smash/the_opponent_must_be_able_to_play
ok drill/rally/the_opponent_must_be_able_to_play
ok drill/exercise_precision_resolves
ok drill/exercise_smash_resolves
ok drill/exercise_rally_resolves
ok drill/exercise_serve_resolves
ok drill/an_unknown_id_falls_back_to_the_first_exercise
ok drill/precision/attempt_closes_for_the_diagnosis_check
ok drill/precision/a_closed_attempt_carries_a_diagnosis
ok drill/smash/attempt_closes_for_the_diagnosis_check
ok drill/smash/a_closed_attempt_carries_a_diagnosis
ok drill/rally/attempt_closes_for_the_diagnosis_check
ok drill/rally/a_closed_attempt_carries_a_diagnosis
ok drill/serve/attempt_closes_for_the_diagnosis_check
ok drill/serve/a_closed_attempt_carries_a_diagnosis
ok drill/every_diagnosis_resolves_in_both_languages
# report diagnosi=["drillWhyOwnHalf","drillWhyNoSmash","drillWhyRallyShort","drillWhyFirstServe"]
ok drill/the_squash_scale_needs_three_landings
ok drill/squash_quality_stays_in_scale
ok drill/the_squash_scale_is_monotone
# report squash_samples=[{"q":0.0,"vz":269.360940137694},{"q":0.0,"vz":325.680275720249},{"q":0.0,"vz":260.939435749431},{"q":0.0,"vz":260.939435749431},{"q":0.0,"vz":260.939435749431},{"q":0.0,"vz":260.939435749431}]
ok drill/serve/the_state_is_in_the_serve
ok drill/serve/the_player_serves_not_the_opponent
ok drill/serve/the_double_faults_are_shown
ok drill/same_seed_same_targets
ok drill/same_seed_same_attempt_outcomes
ok drill/a_different_seed_places_different_targets
ok drill/every_seeded_target_sits_in_the_opponents_half
ok drill/the_exercise_table_still_has_four_entries
# report drill=["precision tentativi=1 centrati=0 punti=2 voto=perfect colpi=1 energia=1.00","smash tentativi=1 centrati=0 punti=2 voto=perfect colpi=2 energia=1.00","rally tentativi=1 centrati=0 punti=6 voto=perfect colpi=2 energia=1.00","serve tentativi=1 centrati=1 punti=10 voto=perfect colpi=5 energia=1.00"]
# report source_sha256={"js/data.js":"c63c496cd967663a5ec9f708e77b6f6948e4b523ba5b0e4280a40af642ec6403","js/drill.js":"b3f346f65029e0a402eda2f6e73a1fd7897b0c1ee0c812e701eee911a89c8703"}
ok drill (76 checks, 374 ms)
# totals checks=3603 failures=0 not-ported=1 elapsed_ms=561
PASS 6/6
